Workbook

Sheet Build a Bear
A3: Tier | B3: Type | C3: Physical Defense | D3: Cognitive Defense | E3: Spiritual Defense | F3: Health | G3: Focus | H3: Investiture | I3: Physical Skills | J3: Cognitive Skills | K3: Spiritual Skills | L3: Invested Skills | M3: To Hit Bonus | N3: DPR (Fast) | O3: DPR (Slow)
A4: 1 | B4: Minion | C4: =CONCATENATE(round(((if($R$5=true, StormlightAverages!B4,0)+if($R$6=true, MistbornAverages!B4,0)+if($R$7=true, WarbreakerAverages!B4,0)+if($R$8=true, ElantrisAverages!B4,0)+if($R$9=true, WorldhopperAverages!B4,0))/(if(countif($R$5:$R$9,true)=0, 1, COUNTIF($R$5:$R$9,true)))),0)," (",min(if($R$5=true, StormlightMinimums!B4,100000000000),if($R$6=true, MistbornMinimums!B4,100000000000),if($R$7=true, WarbreakerMinimums!B4,100000000000),if($R$8=true, ElantrisMinimums!B4,100000000000),if($R$9=true, WorldhopperMinimums!B4,100000000000)), ,"-",max(if($R$5=true,StormlightMaximums!B4,0),if($R$6=true,MistbornMaximums!B4,0),if($R$7=true, WarbreakerMaximums!B4,0),if($R$8=true, ElantrisMaximums!B4,0),if($R$9=true, WorldhopperMaximums!B4,0)),")") -> 13 (11-15) | D4: =CONCATENATE(round(((if($R$5=true, StormlightAverages!C4,0)+if($R$6=true, MistbornAverages!C4,0)+if($R$7=true, WarbreakerAverages!C4,0)+if($R$8=true, ElantrisAverages!C4,0)+if($R$9=true, WorldhopperAverages!C4,0))/(if(countif($R$5:$R$9,true)=0, 1, COUNTIF($R$5:$R$9,true)))),0)," (",min(if($R$5=true, StormlightMinimums!C4,100000000000),if($R$6=true, MistbornMinimums!C4,100000000000),if($R$7=true, WarbreakerMinimums!C4,100000000000),if($R$8=true, ElantrisMinimums!C4,100000000000),if($R$9=true, WorldhopperMinimums!C4,100000000000)), ,"-",max(if($R$5=true,StormlightMaximums!C4,0),if($R$6=true,MistbornMaximums!C4,0),if($R$7=true, WarbreakerMaximums!C4,0),if($R$8=true, ElantrisMaximums!C4,0),if($R$9=true, WorldhopperMaximums!C4,0)),")") -> 12 (10-13) | E4: =CONCATENATE(round(((if($R$5=true, StormlightAverages!D4,0)+if($R$6=true, MistbornAverages!D4,0)+if($R$7=true, WarbreakerAverages!D4,0)+if($R$8=true, ElantrisAverages!D4,0)+if($R$9=true, WorldhopperAverages!D4,0))/(if(countif($R$5:$R$9,true)=0, 1, COUNTIF($R$5:$R$9,true)))),0)," (",min(if($R$5=true, StormlightMinimums!D4,100000000000),if($R$6=true, MistbornMinimums!D4,100000000000),if($R$7=true, WarbreakerMinimums!D4,100000000000),if($R$8=true, ElantrisMinimums!D4,100000000000),if($R$9=true, WorldhopperMinimums!D4,100000000000)), ,"-",max(if($R$5=true,StormlightMaximums!D4,0),if($R$6=true,MistbornMaximums!D4,0),if($R$7=true, WarbreakerMaximums!D4,0),if($R$8=true, ElantrisMaximums!D4,0),if($R$9=true, WorldhopperMaximums!D4,0)),")") -> 12 (10-13) | F4: =CONCATENATE(round(((if($R$5=true, StormlightAverages!E4,0)+if($R$6=true, MistbornAverages!E4,0)+if($R$7=true, WarbreakerAverages!E4,0)+if($R$8=true, ElantrisAverages!E4,0)+if($R$9=true, WorldhopperAverages!E4,0))/(if(countif($R$5:$R$9,true)=0, 1, COUNTIF($R$5:$R$9,true)))),0)," (",min(if($R$5=true, StormlightMinimums!E4,100000000000),if($R$6=true, MistbornMinimums!E4,100000000000),if($R$7=true, WarbreakerMinimums!E4,100000000000),if($R$8=true, ElantrisMinimums!E4,100000000000),if($R$9=true, WorldhopperMinimums!E4,100000000000)), ,"-",max(if($R$5=true,StormlightMaximums!E4,0),if($R$6=true,MistbornMaximums!E4,0),if($R$7=true, WarbreakerMaximums!E4,0),if($R$8=true, ElantrisMaximums!E4,0),if($R$9=true, WorldhopperMaximums!E4,0)),")") -> 11 (9-14) | G4: =CONCATENATE(round(((if($R$5=true, StormlightAverages!F4,0)+if($R$6=true, MistbornAverages!F4,0)+if($R$7=true, WarbreakerAverages!F4,0)+if($R$8=true, ElantrisAverages!F4,0)+if($R$9=true, WorldhopperAverages!F4,0))/(if(countif($R$5:$R$9,true)=0, 1, COUNTIF($R$5:$R$9,true)))),0)," (",min(if($R$5=true, StormlightMinimums!F4,100000000000),if($R$6=true, MistbornMinimums!F4,100000000000),if($R$7=true, WarbreakerMinimums!F4,100000000000),if($R$8=true, ElantrisMinimums!F4,100000000000),if($R$9=true, WorldhopperMinimums!F4,100000000000)), ,"-",max(if($R$5=true,StormlightMaximums!F4,0),if($R$6=true,MistbornMaximums!F4,0),if($R$7=true, WarbreakerMaximums!F4,0),if($R$8=true, ElantrisMaximums!F4,0),if($R$9=true, WorldhopperMaximums!F4,0)),")") -> 4 (2-13) | H4: =CONCATENATE(round(((if($R$5=true, StormlightAverages!G4,0)+if($R$6=true, MistbornAverages!G4,0)+if($R$7=true, WarbreakerAverages!G4,0)+if($R$8=true, ElantrisAverages!G4,0)+if($R$9=true, WorldhopperAverages!G4,0))/(if(countif($R$5:$R$9,true)=0, 1, COUNTIF($R$5:$R$9,true)))),0)," (",min(if($R$5=true, StormlightMinimums!G4,100000000000),if($R$6=true, MistbornMinimums!G4,100000000000),if($R$7=true, WarbreakerMinimums!G4,100000000000),if($R$8=true, ElantrisMinimums!G4,100000000000),if($R$9=true, WorldhopperMinimums!G4,100000000000)), ,"-",max(if($R$5=true,StormlightMaximums!G4,0),if($R$6=true,MistbornMaximums!G4,0),if($R$7=true, WarbreakerMaximums!G4,0),if($R$8=true, ElantrisMaximums!G4,0),if($R$9=true, WorldhopperMaximums!G4,0)),")") -> 0 (0-0) | I4: =CONCATENATE(round(((if($R$5=true, StormlightAverages!H4,0)+if($R$6=true, MistbornAverages!H4,0)+if($R$7=true, WarbreakerAverages!H4,0)+if($R$8=true, ElantrisAverages!H4,0)+if($R$9=true, WorldhopperAverages!H4,0))/(if(countif($R$5:$R$9,true)=0, 1, COUNTIF($R$5:$R$9,true)))),0)," (",min(if($R$5=true, StormlightMinimums!H4,100000000000),if($R$6=true, MistbornMinimums!H4,100000000000),if($R$7=true, WarbreakerMinimums!H4,100000000000),if($R$8=true, ElantrisMinimums!H4,100000000000),if($R$9=true, WorldhopperMinimums!H4,100000000000)), ,"-",max(if($R$5=true,StormlightMaximums!H4,0),if($R$6=true,MistbornMaximums!H4,0),if($R$7=true, WarbreakerMaximums!H4,0),if($R$8=true, ElantrisMaximums!H4,0),if($R$9=true, WorldhopperMaximums!H4,0)),")") -> 7 (1-11) | J4: =CONCATENATE(round(((if($R$5=true, StormlightAverages!I4,0)+if($R$6=true, MistbornAverages!I4,0)+if($R$7=true, WarbreakerAverages!I4,0)+if($R$8=true, ElantrisAverages!I4,0)+if($R$9=true, WorldhopperAverages!I4,0))/(if(countif($R$5:$R$9,true)=0, 1, COUNTIF($R$5:$R$9,true)))),0)," (",min(if($R$5=true, StormlightMinimums!I4,100000000000),if($R$6=true, MistbornMinimums!I4,100000000000),if($R$7=true, WarbreakerMinimums!I4,100000000000),if($R$8=true, ElantrisMinimums!I4,100000000000),if($R$9=true, WorldhopperMinimums!I4,100000000000)), ,"-",max(if($R$5=true,StormlightMaximums!I4,0),if($R$6=true,MistbornMaximums!I4,0),if($R$7=true, WarbreakerMaximums!I4,0),if($R$8=true, ElantrisMaximums!I4,0),if($R$9=true, WorldhopperMaximums!I4,0)),")") -> 2 (0-5) | ... L4: =CONCATENATE(round(((if($R$5=true, StormlightAverages!K4,0)+if($R$6=true, MistbornAverages!K4,0)+if($R$7=true, WarbreakerAverages!K4,0)+if($R$8=true, ElantrisAverages!K4,0)+if($R$9=true, WorldhopperAverages!K4,0))/(if(countif($R$5:$R$9,true)=0, 1, COUNTIF($R$5:$R$9,true)))),0)," (",min(if($R$5=true, StormlightMinimums!K4,100000000000),if($R$6=true, MistbornMinimums!K4,100000000000),if($R$7=true, WarbreakerMinimums!K4,100000000000),if($R$8=true, ElantrisMinimums!K4,100000000000),if($R$9=true, WorldhopperMinimums!K4,100000000000)), ,"-",max(if($R$5=true,StormlightMaximums!K4,0),if($R$6=true,MistbornMaximums!K4,0),if($R$7=true, WarbreakerMaximums!K4,0),if($R$8=true, ElantrisMaximums!K4,0),if($R$9=true, WorldhopperMaximums!K4,0)),")") -> 0 (0-0) | M4: =CONCATENATE(round(((if($R$5=true, StormlightAverages!M4,0)+if($R$6=true, MistbornAverages!M4,0)+if($R$7=true, WarbreakerAverages!M4,0)+if($R$8=true, ElantrisAverages!M4,0)+if($R$9=true, WorldhopperAverages!M4,0))/(if(countif($R$5:$R$9,true)=0, 1, COUNTIF($R$5:$R$9,true)))),0)," (",min(if($R$5=true, StormlightMinimums!L4,100000000000),if($R$6=true, MistbornMinimums!L4,100000000000),if($R$7=true, WarbreakerMinimums!L4,100000000000),if($R$8=true, ElantrisMinimums!L4,100000000000),if($R$9=true, WorldhopperMinimums!L4,100000000000)), ,"-",max(if($R$5=true,StormlightMaximums!L4,0),if($R$6=true,MistbornMaximums!L4,0),if($R$7=true, WarbreakerMaximums!L4,0),if($R$8=true, ElantrisMaximums!L4,0),if($R$9=true, WorldhopperMaximums!L4,0)),")") -> 3 (1-4) | N4: =CONCATENATE(round(((if($R$5=true, StormlightAverages!N4,0)+if($R$6=true, MistbornAverages!N4,0)+if($R$7=true, WarbreakerAverages!N4,0)+if($R$8=true, ElantrisAverages!N4,0)+if($R$9=true, WorldhopperAverages!N4,0))/(if(countif($R$5:$R$9,true)=0, 1, COUNTIF($R$5:$R$9,true)))),0)," (",min(if($R$5=true, StormlightMinimums!M4,100000000000),if($R$6=true, MistbornMinimums!M4,100000000000),if($R$7=true, WarbreakerMinimums!M4,100000000000),if($R$8=true, ElantrisMinimums!M4,100000000000),if($R$9=true, WorldhopperMinimums!M4,100000000000)), ,"-",max(if($R$5=true,StormlightMaximums!M4,0),if($R$6=true,MistbornMaximums!M4,0),if($R$7=true, WarbreakerMaximums!M4,0),if($R$8=true, ElantrisMaximums!M4,0),if($R$9=true, WorldhopperMaximums!M4,0)),")") -> 7 (3-12) | O4: =CONCATENATE(round(((if($R$5=true, StormlightAverages!O4,0)+if($R$6=true, MistbornAverages!O4,0)+if($R$7=true, WarbreakerAverages!O4,0)+if($R$8=true, ElantrisAverages!O4,0)+if($R$9=true, WorldhopperAverages!O4,0))/(if(countif($R$5:$R$9,true)=0, 1, COUNTIF($R$5:$R$9,true)))),0)," (",min(if($R$5=true, StormlightMinimums!N4,100000000000),if($R$6=true, MistbornMinimums!N4,100000000000),if($R$7=true, WarbreakerMinimums!N4,100000000000),if($R$8=true, ElantrisMinimums!N4,100000000000),if($R$9=true, WorldhopperMinimums!N4,100000000000)), ,"-",max(if($R$5=true,StormlightMaximums!N4,0),if($R$6=true,MistbornMaximums!N4,0),if($R$7=true, WarbreakerMaximums!N4,0),if($R$8=true, ElantrisMaximums!N4,0),if($R$9=true, WorldhopperMaximums!N4,0)),")") -> 7 (3-12) | Q4: Key | R4: Average (Max - Min)
A5: 1 | B5: Rival | C5: =CONCATENATE(round(((if($R$5=true, StormlightAverages!B5,0)+if($R$6=true, MistbornAverages!B5,0)+if($R$7=true, WarbreakerAverages!B5,0)+if($R$8=true, ElantrisAverages!B5,0)+if($R$9=true, WorldhopperAverages!B5,0))/(if(countif($R$5:$R$9,true)=0, 1, COUNTIF($R$5:$R$9,true)))),0)," (",min(if($R$5=true, StormlightMinimums!B5,100000000000),if($R$6=true, MistbornMinimums!B5,100000000000),if($R$7=true, WarbreakerMinimums!B5,100000000000),if($R$8=true, ElantrisMinimums!B5,100000000000),if($R$9=true, WorldhopperMinimums!B5,100000000000)), ,"-",max(if($R$5=true,StormlightMaximums!B5,0),if($R$6=true,MistbornMaximums!B5,0),if($R$7=true, WarbreakerMaximums!B5,0),if($R$8=true, ElantrisMaximums!B5,0),if($R$9=true, WorldhopperMaximums!B5,0)),")") -> 14 (12-16) | D5: =CONCATENATE(round(((if($R$5=true, StormlightAverages!C5,0)+if($R$6=true, MistbornAverages!C5,0)+if($R$7=true, WarbreakerAverages!C5,0)+if($R$8=true, ElantrisAverages!C5,0)+if($R$9=true, WorldhopperAverages!C5,0))/(if(countif($R$5:$R$9,true)=0, 1, COUNTIF($R$5:$R$9,true)))),0)," (",min(if($R$5=true, StormlightMinimums!C5,100000000000),if($R$6=true, MistbornMinimums!C5,100000000000),if($R$7=true, WarbreakerMinimums!C5,100000000000),if($R$8=true, ElantrisMinimums!C5,100000000000),if($R$9=true, WorldhopperMinimums!C5,100000000000)), ,"-",max(if($R$5=true,StormlightMaximums!C5,0),if($R$6=true,MistbornMaximums!C5,0),if($R$7=true, WarbreakerMaximums!C5,0),if($R$8=true, ElantrisMaximums!C5,0),if($R$9=true, WorldhopperMaximums!C5,0)),")") -> 13 (11-15) | E5: =CONCATENATE(round(((if($R$5=true, StormlightAverages!D5,0)+if($R$6=true, MistbornAverages!D5,0)+if($R$7=true, WarbreakerAverages!D5,0)+if($R$8=true, ElantrisAverages!D5,0)+if($R$9=true, WorldhopperAverages!D5,0))/(if(countif($R$5:$R$9,true)=0, 1, COUNTIF($R$5:$R$9,true)))),0)," (",min(if($R$5=true, StormlightMinimums!D5,100000000000),if($R$6=true, MistbornMinimums!D5,100000000000),if($R$7=true, WarbreakerMinimums!D5,100000000000),if($R$8=true, ElantrisMinimums!D5,100000000000),if($R$9=true, WorldhopperMinimums!D5,100000000000)), ,"-",max(if($R$5=true,StormlightMaximums!D5,0),if($R$6=true,MistbornMaximums!D5,0),if($R$7=true, WarbreakerMaximums!D5,0),if($R$8=true, ElantrisMaximums!D5,0),if($R$9=true, WorldhopperMaximums!D5,0)),")") -> 14 (12-16) | F5: =CONCATENATE(round(((if($R$5=true, StormlightAverages!E5,0)+if($R$6=true, MistbornAverages!E5,0)+if($R$7=true, WarbreakerAverages!E5,0)+if($R$8=true, ElantrisAverages!E5,0)+if($R$9=true, WorldhopperAverages!E5,0))/(if(countif($R$5:$R$9,true)=0, 1, COUNTIF($R$5:$R$9,true)))),0)," (",min(if($R$5=true, StormlightMinimums!E5,100000000000),if($R$6=true, MistbornMinimums!E5,100000000000),if($R$7=true, WarbreakerMinimums!E5,100000000000),if($R$8=true, ElantrisMinimums!E5,100000000000),if($R$9=true, WorldhopperMinimums!E5,100000000000)), ,"-",max(if($R$5=true,StormlightMaximums!E5,0),if($R$6=true,MistbornMaximums!E5,0),if($R$7=true, WarbreakerMaximums!E5,0),if($R$8=true, ElantrisMaximums!E5,0),if($R$9=true, WorldhopperMaximums!E5,0)),")") -> 22 (10-34) | G5: =CONCATENATE(round(((if($R$5=true, StormlightAverages!F5,0)+if($R$6=true, MistbornAverages!F5,0)+if($R$7=true, WarbreakerAverages!F5,0)+if($R$8=true, ElantrisAverages!F5,0)+if($R$9=true, WorldhopperAverages!F5,0))/(if(countif($R$5:$R$9,true)=0, 1, COUNTIF($R$5:$R$9,true)))),0)," (",min(if($R$5=true, StormlightMinimums!F5,100000000000),if($R$6=true, MistbornMinimums!F5,100000000000),if($R$7=true, WarbreakerMinimums!F5,100000000000),if($R$8=true, ElantrisMinimums!F5,100000000000),if($R$9=true, WorldhopperMinimums!F5,100000000000)), ,"-",max(if($R$5=true,StormlightMaximums!F5,0),if($R$6=true,MistbornMaximums!F5,0),if($R$7=true, WarbreakerMaximums!F5,0),if($R$8=true, ElantrisMaximums!F5,0),if($R$9=true, WorldhopperMaximums!F5,0)),")") -> 4 (2-5) | H5: =CONCATENATE(round(((if($R$5=true, StormlightAverages!G5,0)+if($R$6=true, MistbornAverages!G5,0)+if($R$7=true, WarbreakerAverages!G5,0)+if($R$8=true, ElantrisAverages!G5,0)+if($R$9=true, WorldhopperAverages!G5,0))/(if(countif($R$5:$R$9,true)=0, 1, COUNTIF($R$5:$R$9,true)))),0)," (",min(if($R$5=true, StormlightMinimums!G5,100000000000),if($R$6=true, MistbornMinimums!G5,100000000000),if($R$7=true, WarbreakerMinimums!G5,100000000000),if($R$8=true, ElantrisMinimums!G5,100000000000),if($R$9=true, WorldhopperMinimums!G5,100000000000)), ,"-",max(if($R$5=true,StormlightMaximums!G5,0),if($R$6=true,MistbornMaximums!G5,0),if($R$7=true, WarbreakerMaximums!G5,0),if($R$8=true, ElantrisMaximums!G5,0),if($R$9=true, WorldhopperMaximums!G5,0)),")") -> 1 (0-5) | I5: =CONCATENATE(round(((if($R$5=true, StormlightAverages!H5,0)+if($R$6=true, MistbornAverages!H5,0)+if($R$7=true, WarbreakerAverages!H5,0)+if($R$8=true, ElantrisAverages!H5,0)+if($R$9=true, WorldhopperAverages!H5,0))/(if(countif($R$5:$R$9,true)=0, 1, COUNTIF($R$5:$R$9,true)))),0)," (",min(if($R$5=true, StormlightMinimums!H5,100000000000),if($R$6=true, MistbornMinimums!H5,100000000000),if($R$7=true, WarbreakerMinimums!H5,100000000000),if($R$8=true, ElantrisMinimums!H5,100000000000),if($R$9=true, WorldhopperMinimums!H5,100000000000)), ,"-",max(if($R$5=true,StormlightMaximums!H5,0),if($R$6=true,MistbornMaximums!H5,0),if($R$7=true, WarbreakerMaximums!H5,0),if($R$8=true, ElantrisMaximums!H5,0),if($R$9=true, WorldhopperMaximums!H5,0)),")") -> 12 (5-20) | J5: =CONCATENATE(round(((if($R$5=true, StormlightAverages!I5,0)+if($R$6=true, MistbornAverages!I5,0)+if($R$7=true, WarbreakerAverages!I5,0)+if($R$8=true, ElantrisAverages!I5,0)+if($R$9=true, WorldhopperAverages!I5,0))/(if(countif($R$5:$R$9,true)=0, 1, COUNTIF($R$5:$R$9,true)))),0)," (",min(if($R$5=true, StormlightMinimums!I5,100000000000),if($R$6=true, MistbornMinimums!I5,100000000000),if($R$7=true, WarbreakerMinimums!I5,100000000000),if($R$8=true, ElantrisMinimums!I5,100000000000),if($R$9=true, WorldhopperMinimums!I5,100000000000)), ,"-",max(if($R$5=true,StormlightMaximums!I5,0),if($R$6=true,MistbornMaximums!I5,0),if($R$7=true, WarbreakerMaximums!I5,0),if($R$8=true, ElantrisMaximums!I5,0),if($R$9=true, WorldhopperMaximums!I5,0)),")") -> 5 (0-13) | ... L5: =CONCATENATE(round(((if($R$5=true, StormlightAverages!K5,0)+if($R$6=true, MistbornAverages!K5,0)+if($R$7=true, WarbreakerAverages!K5,0)+if($R$8=true, ElantrisAverages!K5,0)+if($R$9=true, WorldhopperAverages!K5,0))/(if(countif($R$5:$R$9,true)=0, 1, COUNTIF($R$5:$R$9,true)))),0)," (",min(if($R$5=true, StormlightMinimums!K5,100000000000),if($R$6=true, MistbornMinimums!K5,100000000000),if($R$7=true, WarbreakerMinimums!K5,100000000000),if($R$8=true, ElantrisMinimums!K5,100000000000),if($R$9=true, WorldhopperMinimums!K5,100000000000)), ,"-",max(if($R$5=true,StormlightMaximums!K5,0),if($R$6=true,MistbornMaximums!K5,0),if($R$7=true, WarbreakerMaximums!K5,0),if($R$8=true, ElantrisMaximums!K5,0),if($R$9=true, WorldhopperMaximums!K5,0)),")") -> 9 (9-9) | M5: =CONCATENATE(round(((if($R$5=true, StormlightAverages!M5,0)+if($R$6=true, MistbornAverages!M5,0)+if($R$7=true, WarbreakerAverages!M5,0)+if($R$8=true, ElantrisAverages!M5,0)+if($R$9=true, WorldhopperAverages!M5,0))/(if(countif($R$5:$R$9,true)=0, 1, COUNTIF($R$5:$R$9,true)))),0)," (",min(if($R$5=true, StormlightMinimums!L5,100000000000),if($R$6=true, MistbornMinimums!L5,100000000000),if($R$7=true, WarbreakerMinimums!L5,100000000000),if($R$8=true, ElantrisMinimums!L5,100000000000),if($R$9=true, WorldhopperMinimums!L5,100000000000)), ,"-",max(if($R$5=true,StormlightMaximums!L5,0),if($R$6=true,MistbornMaximums!L5,0),if($R$7=true, WarbreakerMaximums!L5,0),if($R$8=true, ElantrisMaximums!L5,0),if($R$9=true, WorldhopperMaximums!L5,0)),")") -> 4 (1-6) | N5: =CONCATENATE(round(((if($R$5=true, StormlightAverages!N5,0)+if($R$6=true, MistbornAverages!N5,0)+if($R$7=true, WarbreakerAverages!N5,0)+if($R$8=true, ElantrisAverages!N5,0)+if($R$9=true, WorldhopperAverages!N5,0))/(if(countif($R$5:$R$9,true)=0, 1, COUNTIF($R$5:$R$9,true)))),0)," (",min(if($R$5=true, StormlightMinimums!M5,100000000000),if($R$6=true, MistbornMinimums!M5,100000000000),if($R$7=true, WarbreakerMinimums!M5,100000000000),if($R$8=true, ElantrisMinimums!M5,100000000000),if($R$9=true, WorldhopperMinimums!M5,100000000000)), ,"-",max(if($R$5=true,StormlightMaximums!M5,0),if($R$6=true,MistbornMaximums!M5,0),if($R$7=true, WarbreakerMaximums!M5,0),if($R$8=true, ElantrisMaximums!M5,0),if($R$9=true, WorldhopperMaximums!M5,0)),")") -> 12 (3-24) | O5: =CONCATENATE(round(((if($R$5=true, StormlightAverages!O5,0)+if($R$6=true, MistbornAverages!O5,0)+if($R$7=true, WarbreakerAverages!O5,0)+if($R$8=true, ElantrisAverages!O5,0)+if($R$9=true, WorldhopperAverages!O5,0))/(if(countif($R$5:$R$9,true)=0, 1, COUNTIF($R$5:$R$9,true)))),0)," (",min(if($R$5=true, StormlightMinimums!N5,100000000000),if($R$6=true, MistbornMinimums!N5,100000000000),if($R$7=true, WarbreakerMinimums!N5,100000000000),if($R$8=true, ElantrisMinimums!N5,100000000000),if($R$9=true, WorldhopperMinimums!N5,100000000000)), ,"-",max(if($R$5=true,StormlightMaximums!N5,0),if($R$6=true,MistbornMaximums!N5,0),if($R$7=true, WarbreakerMaximums!N5,0),if($R$8=true, ElantrisMaximums!N5,0),if($R$9=true, WorldhopperMaximums!N5,0)),")") -> 15 (3-24) | Q5: Stormlight | R5: TRUE
A6: 1 | B6: Boss | C6: =CONCATENATE(round(((if($R$5=true, StormlightAverages!B6,0)+if($R$6=true, MistbornAverages!B6,0)+if($R$7=true, WarbreakerAverages!B6,0)+if($R$8=true, ElantrisAverages!B6,0)+if($R$9=true, WorldhopperAverages!B6,0))/(if(countif($R$5:$R$9,true)=0, 1, COUNTIF($R$5:$R$9,true)))),0)," (",min(if($R$5=true, StormlightMinimums!B6,100000000000),if($R$6=true, MistbornMinimums!B6,100000000000),if($R$7=true, WarbreakerMinimums!B6,100000000000),if($R$8=true, ElantrisMinimums!B6,100000000000),if($R$9=true, WorldhopperMinimums!B6,100000000000)), ,"-",max(if($R$5=true,StormlightMaximums!B6,0),if($R$6=true,MistbornMaximums!B6,0),if($R$7=true, WarbreakerMaximums!B6,0),if($R$8=true, ElantrisMaximums!B6,0),if($R$9=true, WorldhopperMaximums!B6,0)),")") -> 15 (14-15) | D6: =CONCATENATE(round(((if($R$5=true, StormlightAverages!C6,0)+if($R$6=true, MistbornAverages!C6,0)+if($R$7=true, WarbreakerAverages!C6,0)+if($R$8=true, ElantrisAverages!C6,0)+if($R$9=true, WorldhopperAverages!C6,0))/(if(countif($R$5:$R$9,true)=0, 1, COUNTIF($R$5:$R$9,true)))),0)," (",min(if($R$5=true, StormlightMinimums!C6,100000000000),if($R$6=true, MistbornMinimums!C6,100000000000),if($R$7=true, WarbreakerMinimums!C6,100000000000),if($R$8=true, ElantrisMinimums!C6,100000000000),if($R$9=true, WorldhopperMinimums!C6,100000000000)), ,"-",max(if($R$5=true,StormlightMaximums!C6,0),if($R$6=true,MistbornMaximums!C6,0),if($R$7=true, WarbreakerMaximums!C6,0),if($R$8=true, ElantrisMaximums!C6,0),if($R$9=true, WorldhopperMaximums!C6,0)),")") -> 15 (12-17) | E6: =CONCATENATE(round(((if($R$5=true, StormlightAverages!D6,0)+if($R$6=true, MistbornAverages!D6,0)+if($R$7=true, WarbreakerAverages!D6,0)+if($R$8=true, ElantrisAverages!D6,0)+if($R$9=true, WorldhopperAverages!D6,0))/(if(countif($R$5:$R$9,true)=0, 1, COUNTIF($R$5:$R$9,true)))),0)," (",min(if($R$5=true, StormlightMinimums!D6,100000000000),if($R$6=true, MistbornMinimums!D6,100000000000),if($R$7=true, WarbreakerMinimums!D6,100000000000),if($R$8=true, ElantrisMinimums!D6,100000000000),if($R$9=true, WorldhopperMinimums!D6,100000000000)), ,"-",max(if($R$5=true,StormlightMaximums!D6,0),if($R$6=true,MistbornMaximums!D6,0),if($R$7=true, WarbreakerMaximums!D6,0),if($R$8=true, ElantrisMaximums!D6,0),if($R$9=true, WorldhopperMaximums!D6,0)),")") -> 16 (15-17) | F6: =CONCATENATE(round(((if($R$5=true, StormlightAverages!E6,0)+if($R$6=true, MistbornAverages!E6,0)+if($R$7=true, WarbreakerAverages!E6,0)+if($R$8=true, ElantrisAverages!E6,0)+if($R$9=true, WorldhopperAverages!E6,0))/(if(countif($R$5:$R$9,true)=0, 1, COUNTIF($R$5:$R$9,true)))),0)," (",min(if($R$5=true, StormlightMinimums!E6,100000000000),if($R$6=true, MistbornMinimums!E6,100000000000),if($R$7=true, WarbreakerMinimums!E6,100000000000),if($R$8=true, ElantrisMinimums!E6,100000000000),if($R$9=true, WorldhopperMinimums!E6,100000000000)), ,"-",max(if($R$5=true,StormlightMaximums!E6,0),if($R$6=true,MistbornMaximums!E6,0),if($R$7=true, WarbreakerMaximums!E6,0),if($R$8=true, ElantrisMaximums!E6,0),if($R$9=true, WorldhopperMaximums!E6,0)),")") -> 57 (40-80) | G6: =CONCATENATE(round(((if($R$5=true, StormlightAverages!F6,0)+if($R$6=true, MistbornAverages!F6,0)+if($R$7=true, WarbreakerAverages!F6,0)+if($R$8=true, ElantrisAverages!F6,0)+if($R$9=true, WorldhopperAverages!F6,0))/(if(countif($R$5:$R$9,true)=0, 1, COUNTIF($R$5:$R$9,true)))),0)," (",min(if($R$5=true, StormlightMinimums!F6,100000000000),if($R$6=true, MistbornMinimums!F6,100000000000),if($R$7=true, WarbreakerMinimums!F6,100000000000),if($R$8=true, ElantrisMinimums!F6,100000000000),if($R$9=true, WorldhopperMinimums!F6,100000000000)), ,"-",max(if($R$5=true,StormlightMaximums!F6,0),if($R$6=true,MistbornMaximums!F6,0),if($R$7=true, WarbreakerMaximums!F6,0),if($R$8=true, ElantrisMaximums!F6,0),if($R$9=true, WorldhopperMaximums!F6,0)),")") -> 5 (3-6) | H6: =CONCATENATE(round(((if($R$5=true, StormlightAverages!G6,0)+if($R$6=true, MistbornAverages!G6,0)+if($R$7=true, WarbreakerAverages!G6,0)+if($R$8=true, ElantrisAverages!G6,0)+if($R$9=true, WorldhopperAverages!G6,0))/(if(countif($R$5:$R$9,true)=0, 1, COUNTIF($R$5:$R$9,true)))),0)," (",min(if($R$5=true, StormlightMinimums!G6,100000000000),if($R$6=true, MistbornMinimums!G6,100000000000),if($R$7=true, WarbreakerMinimums!G6,100000000000),if($R$8=true, ElantrisMinimums!G6,100000000000),if($R$9=true, WorldhopperMinimums!G6,100000000000)), ,"-",max(if($R$5=true,StormlightMaximums!G6,0),if($R$6=true,MistbornMaximums!G6,0),if($R$7=true, WarbreakerMaximums!G6,0),if($R$8=true, ElantrisMaximums!G6,0),if($R$9=true, WorldhopperMaximums!G6,0)),")") -> 2 (0-6) | I6: =CONCATENATE(round(((if($R$5=true, StormlightAverages!H6,0)+if($R$6=true, MistbornAverages!H6,0)+if($R$7=true, WarbreakerAverages!H6,0)+if($R$8=true, ElantrisAverages!H6,0)+if($R$9=true, WorldhopperAverages!H6,0))/(if(countif($R$5:$R$9,true)=0, 1, COUNTIF($R$5:$R$9,true)))),0)," (",min(if($R$5=true, StormlightMinimums!H6,100000000000),if($R$6=true, MistbornMinimums!H6,100000000000),if($R$7=true, WarbreakerMinimums!H6,100000000000),if($R$8=true, ElantrisMinimums!H6,100000000000),if($R$9=true, WorldhopperMinimums!H6,100000000000)), ,"-",max(if($R$5=true,StormlightMaximums!H6,0),if($R$6=true,MistbornMaximums!H6,0),if($R$7=true, WarbreakerMaximums!H6,0),if($R$8=true, ElantrisMaximums!H6,0),if($R$9=true, WorldhopperMaximums!H6,0)),")") -> 9 (5-11) | J6: =CONCATENATE(round(((if($R$5=true, StormlightAverages!I6,0)+if($R$6=true, MistbornAverages!I6,0)+if($R$7=true, WarbreakerAverages!I6,0)+if($R$8=true, ElantrisAverages!I6,0)+if($R$9=true, WorldhopperAverages!I6,0))/(if(countif($R$5:$R$9,true)=0, 1, COUNTIF($R$5:$R$9,true)))),0)," (",min(if($R$5=true, StormlightMinimums!I6,100000000000),if($R$6=true, MistbornMinimums!I6,100000000000),if($R$7=true, WarbreakerMinimums!I6,100000000000),if($R$8=true, ElantrisMinimums!I6,100000000000),if($R$9=true, WorldhopperMinimums!I6,100000000000)), ,"-",max(if($R$5=true,StormlightMaximums!I6,0),if($R$6=true,MistbornMaximums!I6,0),if($R$7=true, WarbreakerMaximums!I6,0),if($R$8=true, ElantrisMaximums!I6,0),if($R$9=true, WorldhopperMaximums!I6,0)),")") -> 12 (3-20) | ... L6: =CONCATENATE(round(((if($R$5=true, StormlightAverages!K6,0)+if($R$6=true, MistbornAverages!K6,0)+if($R$7=true, WarbreakerAverages!K6,0)+if($R$8=true, ElantrisAverages!K6,0)+if($R$9=true, WorldhopperAverages!K6,0))/(if(countif($R$5:$R$9,true)=0, 1, COUNTIF($R$5:$R$9,true)))),0)," (",min(if($R$5=true, StormlightMinimums!K6,100000000000),if($R$6=true, MistbornMinimums!K6,100000000000),if($R$7=true, WarbreakerMinimums!K6,100000000000),if($R$8=true, ElantrisMinimums!K6,100000000000),if($R$9=true, WorldhopperMinimums!K6,100000000000)), ,"-",max(if($R$5=true,StormlightMaximums!K6,0),if($R$6=true,MistbornMaximums!K6,0),if($R$7=true, WarbreakerMaximums!K6,0),if($R$8=true, ElantrisMaximums!K6,0),if($R$9=true, WorldhopperMaximums!K6,0)),")") -> 22 (22-22) | M6: =CONCATENATE(round(((if($R$5=true, StormlightAverages!M6,0)+if($R$6=true, MistbornAverages!M6,0)+if($R$7=true, WarbreakerAverages!M6,0)+if($R$8=true, ElantrisAverages!M6,0)+if($R$9=true, WorldhopperAverages!M6,0))/(if(countif($R$5:$R$9,true)=0, 1, COUNTIF($R$5:$R$9,true)))),0)," (",min(if($R$5=true, StormlightMinimums!L6,100000000000),if($R$6=true, MistbornMinimums!L6,100000000000),if($R$7=true, WarbreakerMinimums!L6,100000000000),if($R$8=true, ElantrisMinimums!L6,100000000000),if($R$9=true, WorldhopperMinimums!L6,100000000000)), ,"-",max(if($R$5=true,StormlightMaximums!L6,0),if($R$6=true,MistbornMaximums!L6,0),if($R$7=true, WarbreakerMaximums!L6,0),if($R$8=true, ElantrisMaximums!L6,0),if($R$9=true, WorldhopperMaximums!L6,0)),")") -> 5 (3-6) | N6: =CONCATENATE(round(((if($R$5=true, StormlightAverages!N6,0)+if($R$6=true, MistbornAverages!N6,0)+if($R$7=true, WarbreakerAverages!N6,0)+if($R$8=true, ElantrisAverages!N6,0)+if($R$9=true, WorldhopperAverages!N6,0))/(if(countif($R$5:$R$9,true)=0, 1, COUNTIF($R$5:$R$9,true)))),0)," (",min(if($R$5=true, StormlightMinimums!M6,100000000000),if($R$6=true, MistbornMinimums!M6,100000000000),if($R$7=true, WarbreakerMinimums!M6,100000000000),if($R$8=true, ElantrisMinimums!M6,100000000000),if($R$9=true, WorldhopperMinimums!M6,100000000000)), ,"-",max(if($R$5=true,StormlightMaximums!M6,0),if($R$6=true,MistbornMaximums!M6,0),if($R$7=true, WarbreakerMaximums!M6,0),if($R$8=true, ElantrisMaximums!M6,0),if($R$9=true, WorldhopperMaximums!M6,0)),")") -> 16 (9-25) | O6: =CONCATENATE(round(((if($R$5=true, StormlightAverages!O6,0)+if($R$6=true, MistbornAverages!O6,0)+if($R$7=true, WarbreakerAverages!O6,0)+if($R$8=true, ElantrisAverages!O6,0)+if($R$9=true, WorldhopperAverages!O6,0))/(if(countif($R$5:$R$9,true)=0, 1, COUNTIF($R$5:$R$9,true)))),0)," (",min(if($R$5=true, StormlightMinimums!N6,100000000000),if($R$6=true, MistbornMinimums!N6,100000000000),if($R$7=true, WarbreakerMinimums!N6,100000000000),if($R$8=true, ElantrisMinimums!N6,100000000000),if($R$9=true, WorldhopperMinimums!N6,100000000000)), ,"-",max(if($R$5=true,StormlightMaximums!N6,0),if($R$6=true,MistbornMaximums!N6,0),if($R$7=true, WarbreakerMaximums!N6,0),if($R$8=true, ElantrisMaximums!N6,0),if($R$9=true, WorldhopperMaximums!N6,0)),")") -> 24 (9-49) | Q6: Mistborn | R6: FALSE | S6: Nonfunctioning! Do not Edit!
A7: 2 | B7: Minion | C7: =CONCATENATE(round(((if($R$5=true, StormlightAverages!B11,0)+if($R$6=true, MistbornAverages!B11,0)+if($R$7=true, WarbreakerAverages!B11,0)+if($R$8=true, ElantrisAverages!B11,0)+if($R$9=true, WorldhopperAverages!B11,0))/(if(countif($R$5:$R$9,true)=0, 1, COUNTIF($R$5:$R$9,true)))),0)," (",min(if($R$5=true, StormlightMinimums!B11,100000000000),if($R$6=true, MistbornMinimums!B11,100000000000),if($R$7=true, WarbreakerMinimums!B11,100000000000),if($R$8=true, ElantrisMinimums!B11,100000000000),if($R$9=true, WorldhopperMinimums!B11,100000000000)), ,"-",max(if($R$5=true,StormlightMaximums!B11,0),if($R$6=true,MistbornMaximums!B11,0),if($R$7=true, WarbreakerMaximums!B11,0),if($R$8=true, ElantrisMaximums!B11,0),if($R$9=true, WorldhopperMaximums!B11,0)),")") -> 13 (11-15) | D7: =CONCATENATE(round(((if($R$5=true, StormlightAverages!C11,0)+if($R$6=true, MistbornAverages!C11,0)+if($R$7=true, WarbreakerAverages!C11,0)+if($R$8=true, ElantrisAverages!C11,0)+if($R$9=true, WorldhopperAverages!C11,0))/(if(countif($R$5:$R$9,true)=0, 1, COUNTIF($R$5:$R$9,true)))),0)," (",min(if($R$5=true, StormlightMinimums!C11,100000000000),if($R$6=true, MistbornMinimums!C11,100000000000),if($R$7=true, WarbreakerMinimums!C11,100000000000),if($R$8=true, ElantrisMinimums!C11,100000000000),if($R$9=true, WorldhopperMinimums!C11,100000000000)), ,"-",max(if($R$5=true,StormlightMaximums!C11,0),if($R$6=true,MistbornMaximums!C11,0),if($R$7=true, WarbreakerMaximums!C11,0),if($R$8=true, ElantrisMaximums!C11,0),if($R$9=true, WorldhopperMaximums!C11,0)),")") -> 14 (12-15) | E7: =CONCATENATE(round(((if($R$5=true, StormlightAverages!D11,0)+if($R$6=true, MistbornAverages!D11,0)+if($R$7=true, WarbreakerAverages!D11,0)+if($R$8=true, ElantrisAverages!D11,0)+if($R$9=true, WorldhopperAverages!D11,0))/(if(countif($R$5:$R$9,true)=0, 1, COUNTIF($R$5:$R$9,true)))),0)," (",min(if($R$5=true, StormlightMinimums!D11,100000000000),if($R$6=true, MistbornMinimums!D11,100000000000),if($R$7=true, WarbreakerMinimums!D11,100000000000),if($R$8=true, ElantrisMinimums!D11,100000000000),if($R$9=true, WorldhopperMinimums!D11,100000000000)), ,"-",max(if($R$5=true,StormlightMaximums!D11,0),if($R$6=true,MistbornMaximums!D11,0),if($R$7=true, WarbreakerMaximums!D11,0),if($R$8=true, ElantrisMaximums!D11,0),if($R$9=true, WorldhopperMaximums!D11,0)),")") -> 16 (14-18) | F7: =CONCATENATE(round(((if($R$5=true, StormlightAverages!E11,0)+if($R$6=true, MistbornAverages!E11,0)+if($R$7=true, WarbreakerAverages!E11,0)+if($R$8=true, ElantrisAverages!E11,0)+if($R$9=true, WorldhopperAverages!E11,0))/(if(countif($R$5:$R$9,true)=0, 1, COUNTIF($R$5:$R$9,true)))),0)," (",min(if($R$5=true, StormlightMinimums!E11,100000000000),if($R$6=true, MistbornMinimums!E11,100000000000),if($R$7=true, WarbreakerMinimums!E11,100000000000),if($R$8=true, ElantrisMinimums!E11,100000000000),if($R$9=true, WorldhopperMinimums!E11,100000000000)), ,"-",max(if($R$5=true,StormlightMaximums!E11,0),if($R$6=true,MistbornMaximums!E11,0),if($R$7=true, WarbreakerMaximums!E11,0),if($R$8=true, ElantrisMaximums!E11,0),if($R$9=true, WorldhopperMaximums!E11,0)),")") -> 21 (18-24) | G7: =CONCATENATE(round(((if($R$5=true, StormlightAverages!F11,0)+if($R$6=true, MistbornAverages!F11,0)+if($R$7=true, WarbreakerAverages!F11,0)+if($R$8=true, ElantrisAverages!F11,0)+if($R$9=true, WorldhopperAverages!F11,0))/(if(countif($R$5:$R$9,true)=0, 1, COUNTIF($R$5:$R$9,true)))),0)," (",min(if($R$5=true, StormlightMinimums!F11,100000000000),if($R$6=true, MistbornMinimums!F11,100000000000),if($R$7=true, WarbreakerMinimums!F11,100000000000),if($R$8=true, ElantrisMinimums!F11,100000000000),if($R$9=true, WorldhopperMinimums!F11,100000000000)), ,"-",max(if($R$5=true,StormlightMaximums!F11,0),if($R$6=true,MistbornMaximums!F11,0),if($R$7=true, WarbreakerMaximums!F11,0),if($R$8=true, ElantrisMaximums!F11,0),if($R$9=true, WorldhopperMaximums!F11,0)),")") -> 4 (3-4) | H7: =CONCATENATE(round(((if($R$5=true, StormlightAverages!G11,0)+if($R$6=true, MistbornAverages!G11,0)+if($R$7=true, WarbreakerAverages!G11,0)+if($R$8=true, ElantrisAverages!G11,0)+if($R$9=true, WorldhopperAverages!G11,0))/(if(countif($R$5:$R$9,true)=0, 1, COUNTIF($R$5:$R$9,true)))),0)," (",min(if($R$5=true, StormlightMinimums!G11,100000000000),if($R$6=true, MistbornMinimums!G11,100000000000),if($R$7=true, WarbreakerMinimums!G11,100000000000),if($R$8=true, ElantrisMinimums!G11,100000000000),if($R$9=true, WorldhopperMinimums!G11,100000000000)), ,"-",max(if($R$5=true,StormlightMaximums!G11,0),if($R$6=true,MistbornMaximums!G11,0),if($R$7=true, WarbreakerMaximums!G11,0),if($R$8=true, ElantrisMaximums!G11,0),if($R$9=true, WorldhopperMaximums!G11,0)),")") -> 3 (0-5) | I7: =CONCATENATE(round(((if($R$5=true, StormlightAverages!H11,0)+if($R$6=true, MistbornAverages!H11,0)+if($R$7=true, WarbreakerAverages!H11,0)+if($R$8=true, ElantrisAverages!H11,0)+if($R$9=true, WorldhopperAverages!H11,0))/(if(countif($R$5:$R$9,true)=0, 1, COUNTIF($R$5:$R$9,true)))),0)," (",min(if($R$5=true, StormlightMinimums!H11,100000000000),if($R$6=true, MistbornMinimums!H11,100000000000),if($R$7=true, WarbreakerMinimums!H11,100000000000),if($R$8=true, ElantrisMinimums!H11,100000000000),if($R$9=true, WorldhopperMinimums!H11,100000000000)), ,"-",max(if($R$5=true,StormlightMaximums!H11,0),if($R$6=true,MistbornMaximums!H11,0),if($R$7=true, WarbreakerMaximums!H11,0),if($R$8=true, ElantrisMaximums!H11,0),if($R$9=true, WorldhopperMaximums!H11,0)),")") -> 16 (4-28) | J7: =CONCATENATE(round(((if($R$5=true, StormlightAverages!I11,0)+if($R$6=true, MistbornAverages!I11,0)+if($R$7=true, WarbreakerAverages!I11,0)+if($R$8=true, ElantrisAverages!I11,0)+if($R$9=true, WorldhopperAverages!I11,0))/(if(countif($R$5:$R$9,true)=0, 1, COUNTIF($R$5:$R$9,true)))),0)," (",min(if($R$5=true, StormlightMinimums!I11,100000000000),if($R$6=true, MistbornMinimums!I11,100000000000),if($R$7=true, WarbreakerMinimums!I11,100000000000),if($R$8=true, ElantrisMinimums!I11,100000000000),if($R$9=true, WorldhopperMinimums!I11,100000000000)), ,"-",max(if($R$5=true,StormlightMaximums!I11,0),if($R$6=true,MistbornMaximums!I11,0),if($R$7=true, WarbreakerMaximums!I11,0),if($R$8=true, ElantrisMaximums!I11,0),if($R$9=true, WorldhopperMaximums!I11,0)),")") -> 2 (0-4) | ... L7: =CONCATENATE(round(((if($R$5=true, StormlightAverages!K11,0)+if($R$6=true, MistbornAverages!K11,0)+if($R$7=true, WarbreakerAverages!K11,0)+if($R$8=true, ElantrisAverages!K11,0)+if($R$9=true, WorldhopperAverages!K11,0))/(if(countif($R$5:$R$9,true)=0, 1, COUNTIF($R$5:$R$9,true)))),0)," (",min(if($R$5=true, StormlightMinimums!K11,100000000000),if($R$6=true, MistbornMinimums!K11,100000000000),if($R$7=true, WarbreakerMinimums!K11,100000000000),if($R$8=true, ElantrisMinimums!K11,100000000000),if($R$9=true, WorldhopperMinimums!K11,100000000000)), ,"-",max(if($R$5=true,StormlightMaximums!K11,0),if($R$6=true,MistbornMaximums!K11,0),if($R$7=true, WarbreakerMaximums!K11,0),if($R$8=true, ElantrisMaximums!K11,0),if($R$9=true, WorldhopperMaximums!K11,0)),")") -> 0 (0-0) | M7: =CONCATENATE(round(((if($R$5=true, StormlightAverages!M11,0)+if($R$6=true, MistbornAverages!M11,0)+if($R$7=true, WarbreakerAverages!M11,0)+if($R$8=true, ElantrisAverages!M11,0)+if($R$9=true, WorldhopperAverages!M11,0))/(if(countif($R$5:$R$9,true)=0, 1, COUNTIF($R$5:$R$9,true)))),0)," (",min(if($R$5=true, StormlightMinimums!L11,100000000000),if($R$6=true, MistbornMinimums!L11,100000000000),if($R$7=true, WarbreakerMinimums!L11,100000000000),if($R$8=true, ElantrisMinimums!L11,100000000000),if($R$9=true, WorldhopperMinimums!L11,100000000000)), ,"-",max(if($R$5=true,StormlightMaximums!L11,0),if($R$6=true,MistbornMaximums!L11,0),if($R$7=true, WarbreakerMaximums!L11,0),if($R$8=true, ElantrisMaximums!L11,0),if($R$9=true, WorldhopperMaximums!L11,0)),")") -> 6 (4-7) | N7: =CONCATENATE(round(((if($R$5=true, StormlightAverages!N11,0)+if($R$6=true, MistbornAverages!N11,0)+if($R$7=true, WarbreakerAverages!N11,0)+if($R$8=true, ElantrisAverages!N11,0)+if($R$9=true, WorldhopperAverages!N11,0))/(if(countif($R$5:$R$9,true)=0, 1, COUNTIF($R$5:$R$9,true)))),0)," (",min(if($R$5=true, StormlightMinimums!M11,100000000000),if($R$6=true, MistbornMinimums!M11,100000000000),if($R$7=true, WarbreakerMinimums!M11,100000000000),if($R$8=true, ElantrisMinimums!M11,100000000000),if($R$9=true, WorldhopperMinimums!M11,100000000000)), ,"-",max(if($R$5=true,StormlightMaximums!M11,0),if($R$6=true,MistbornMaximums!M11,0),if($R$7=true, WarbreakerMaximums!M11,0),if($R$8=true, ElantrisMaximums!M11,0),if($R$9=true, WorldhopperMaximums!M11,0)),")") -> 8 (7-9) | O7: =CONCATENATE(round(((if($R$5=true, StormlightAverages!O11,0)+if($R$6=true, MistbornAverages!O11,0)+if($R$7=true, WarbreakerAverages!O11,0)+if($R$8=true, ElantrisAverages!O11,0)+if($R$9=true, WorldhopperAverages!O11,0))/(if(countif($R$5:$R$9,true)=0, 1, COUNTIF($R$5:$R$9,true)))),0)," (",min(if($R$5=true, StormlightMinimums!N11,100000000000),if($R$6=true, MistbornMinimums!N11,100000000000),if($R$7=true, WarbreakerMinimums!N11,100000000000),if($R$8=true, ElantrisMinimums!N11,100000000000),if($R$9=true, WorldhopperMinimums!N11,100000000000)), ,"-",max(if($R$5=true,StormlightMaximums!N11,0),if($R$6=true,MistbornMaximums!N11,0),if($R$7=true, WarbreakerMaximums!N11,0),if($R$8=true, ElantrisMaximums!N11,0),if($R$9=true, WorldhopperMaximums!N11,0)),")") -> 10 (7-12) | Q7: Warbreaker | R7: FALSE
A8: 2 | B8: Rival | C8: =CONCATENATE(round(((if($R$5=true, StormlightAverages!B12,0)+if($R$6=true, MistbornAverages!B12,0)+if($R$7=true, WarbreakerAverages!B12,0)+if($R$8=true, ElantrisAverages!B12,0)+if($R$9=true, WorldhopperAverages!B12,0))/(if(countif($R$5:$R$9,true)=0, 1, COUNTIF($R$5:$R$9,true)))),0)," (",min(if($R$5=true, StormlightMinimums!B12,100000000000),if($R$6=true, MistbornMinimums!B12,100000000000),if($R$7=true, WarbreakerMinimums!B12,100000000000),if($R$8=true, ElantrisMinimums!B12,100000000000),if($R$9=true, WorldhopperMinimums!B12,100000000000)), ,"-",max(if($R$5=true,StormlightMaximums!B12,0),if($R$6=true,MistbornMaximums!B12,0),if($R$7=true, WarbreakerMaximums!B12,0),if($R$8=true, ElantrisMaximums!B12,0),if($R$9=true, WorldhopperMaximums!B12,0)),")") -> 16 (13-19) | D8: =CONCATENATE(round(((if($R$5=true, StormlightAverages!C12,0)+if($R$6=true, MistbornAverages!C12,0)+if($R$7=true, WarbreakerAverages!C12,0)+if($R$8=true, ElantrisAverages!C12,0)+if($R$9=true, WorldhopperAverages!C12,0))/(if(countif($R$5:$R$9,true)=0, 1, COUNTIF($R$5:$R$9,true)))),0)," (",min(if($R$5=true, StormlightMinimums!C12,100000000000),if($R$6=true, MistbornMinimums!C12,100000000000),if($R$7=true, WarbreakerMinimums!C12,100000000000),if($R$8=true, ElantrisMinimums!C12,100000000000),if($R$9=true, WorldhopperMinimums!C12,100000000000)), ,"-",max(if($R$5=true,StormlightMaximums!C12,0),if($R$6=true,MistbornMaximums!C12,0),if($R$7=true, WarbreakerMaximums!C12,0),if($R$8=true, ElantrisMaximums!C12,0),if($R$9=true, WorldhopperMaximums!C12,0)),")") -> 15 (11-19) | E8: =CONCATENATE(round(((if($R$5=true, StormlightAverages!D12,0)+if($R$6=true, MistbornAverages!D12,0)+if($R$7=true, WarbreakerAverages!D12,0)+if($R$8=true, ElantrisAverages!D12,0)+if($R$9=true, WorldhopperAverages!D12,0))/(if(countif($R$5:$R$9,true)=0, 1, COUNTIF($R$5:$R$9,true)))),0)," (",min(if($R$5=true, StormlightMinimums!D12,100000000000),if($R$6=true, MistbornMinimums!D12,100000000000),if($R$7=true, WarbreakerMinimums!D12,100000000000),if($R$8=true, ElantrisMinimums!D12,100000000000),if($R$9=true, WorldhopperMinimums!D12,100000000000)), ,"-",max(if($R$5=true,StormlightMaximums!D12,0),if($R$6=true,MistbornMaximums!D12,0),if($R$7=true, WarbreakerMaximums!D12,0),if($R$8=true, ElantrisMaximums!D12,0),if($R$9=true, WorldhopperMaximums!D12,0)),")") -> 15 (13-19) | F8: =CONCATENATE(round(((if($R$5=true, StormlightAverages!E12,0)+if($R$6=true, MistbornAverages!E12,0)+if($R$7=true, WarbreakerAverages!E12,0)+if($R$8=true, ElantrisAverages!E12,0)+if($R$9=true, WorldhopperAverages!E12,0))/(if(countif($R$5:$R$9,true)=0, 1, COUNTIF($R$5:$R$9,true)))),0)," (",min(if($R$5=true, StormlightMinimums!E12,100000000000),if($R$6=true, MistbornMinimums!E12,100000000000),if($R$7=true, WarbreakerMinimums!E12,100000000000),if($R$8=true, ElantrisMinimums!E12,100000000000),if($R$9=true, WorldhopperMinimums!E12,100000000000)), ,"-",max(if($R$5=true,StormlightMaximums!E12,0),if($R$6=true,MistbornMaximums!E12,0),if($R$7=true, WarbreakerMaximums!E12,0),if($R$8=true, ElantrisMaximums!E12,0),if($R$9=true, WorldhopperMaximums!E12,0)),")") -> 39 (14-48) | G8: =CONCATENATE(round(((if($R$5=true, StormlightAverages!F12,0)+if($R$6=true, MistbornAverages!F12,0)+if($R$7=true, WarbreakerAverages!F12,0)+if($R$8=true, ElantrisAverages!F12,0)+if($R$9=true, WorldhopperAverages!F12,0))/(if(countif($R$5:$R$9,true)=0, 1, COUNTIF($R$5:$R$9,true)))),0)," (",min(if($R$5=true, StormlightMinimums!F12,100000000000),if($R$6=true, MistbornMinimums!F12,100000000000),if($R$7=true, WarbreakerMinimums!F12,100000000000),if($R$8=true, ElantrisMinimums!F12,100000000000),if($R$9=true, WorldhopperMinimums!F12,100000000000)), ,"-",max(if($R$5=true,StormlightMaximums!F12,0),if($R$6=true,MistbornMaximums!F12,0),if($R$7=true, WarbreakerMaximums!F12,0),if($R$8=true, ElantrisMaximums!F12,0),if($R$9=true, WorldhopperMaximums!F12,0)),")") -> 5 (3-8) | H8: =CONCATENATE(round(((if($R$5=true, StormlightAverages!G12,0)+if($R$6=true, MistbornAverages!G12,0)+if($R$7=true, WarbreakerAverages!G12,0)+if($R$8=true, ElantrisAverages!G12,0)+if($R$9=true, WorldhopperAverages!G12,0))/(if(countif($R$5:$R$9,true)=0, 1, COUNTIF($R$5:$R$9,true)))),0)," (",min(if($R$5=true, StormlightMinimums!G12,100000000000),if($R$6=true, MistbornMinimums!G12,100000000000),if($R$7=true, WarbreakerMinimums!G12,100000000000),if($R$8=true, ElantrisMinimums!G12,100000000000),if($R$9=true, WorldhopperMinimums!G12,100000000000)), ,"-",max(if($R$5=true,StormlightMaximums!G12,0),if($R$6=true,MistbornMaximums!G12,0),if($R$7=true, WarbreakerMaximums!G12,0),if($R$8=true, ElantrisMaximums!G12,0),if($R$9=true, WorldhopperMaximums!G12,0)),")") -> 3 (0-8) | I8: =CONCATENATE(round(((if($R$5=true, StormlightAverages!H12,0)+if($R$6=true, MistbornAverages!H12,0)+if($R$7=true, WarbreakerAverages!H12,0)+if($R$8=true, ElantrisAverages!H12,0)+if($R$9=true, WorldhopperAverages!H12,0))/(if(countif($R$5:$R$9,true)=0, 1, COUNTIF($R$5:$R$9,true)))),0)," (",min(if($R$5=true, StormlightMinimums!H12,100000000000),if($R$6=true, MistbornMinimums!H12,100000000000),if($R$7=true, WarbreakerMinimums!H12,100000000000),if($R$8=true, ElantrisMinimums!H12,100000000000),if($R$9=true, WorldhopperMinimums!H12,100000000000)), ,"-",max(if($R$5=true,StormlightMaximums!H12,0),if($R$6=true,MistbornMaximums!H12,0),if($R$7=true, WarbreakerMaximums!H12,0),if($R$8=true, ElantrisMaximums!H12,0),if($R$9=true, WorldhopperMaximums!H12,0)),")") -> 16 (0-28) | J8: =CONCATENATE(round(((if($R$5=true, StormlightAverages!I12,0)+if($R$6=true, MistbornAverages!I12,0)+if($R$7=true, WarbreakerAverages!I12,0)+if($R$8=true, ElantrisAverages!I12,0)+if($R$9=true, WorldhopperAverages!I12,0))/(if(countif($R$5:$R$9,true)=0, 1, COUNTIF($R$5:$R$9,true)))),0)," (",min(if($R$5=true, StormlightMinimums!I12,100000000000),if($R$6=true, MistbornMinimums!I12,100000000000),if($R$7=true, WarbreakerMinimums!I12,100000000000),if($R$8=true, ElantrisMinimums!I12,100000000000),if($R$9=true, WorldhopperMinimums!I12,100000000000)), ,"-",max(if($R$5=true,StormlightMaximums!I12,0),if($R$6=true,MistbornMaximums!I12,0),if($R$7=true, WarbreakerMaximums!I12,0),if($R$8=true, ElantrisMaximums!I12,0),if($R$9=true, WorldhopperMaximums!I12,0)),")") -> 10 (0-21) | ... L8: =CONCATENATE(round(((if($R$5=true, StormlightAverages!K12,0)+if($R$6=true, MistbornAverages!K12,0)+if($R$7=true, WarbreakerAverages!K12,0)+if($R$8=true, ElantrisAverages!K12,0)+if($R$9=true, WorldhopperAverages!K12,0))/(if(countif($R$5:$R$9,true)=0, 1, COUNTIF($R$5:$R$9,true)))),0)," (",min(if($R$5=true, StormlightMinimums!K12,100000000000),if($R$6=true, MistbornMinimums!K12,100000000000),if($R$7=true, WarbreakerMinimums!K12,100000000000),if($R$8=true, ElantrisMinimums!K12,100000000000),if($R$9=true, WorldhopperMinimums!K12,100000000000)), ,"-",max(if($R$5=true,StormlightMaximums!K12,0),if($R$6=true,MistbornMaximums!K12,0),if($R$7=true, WarbreakerMaximums!K12,0),if($R$8=true, ElantrisMaximums!K12,0),if($R$9=true, WorldhopperMaximums!K12,0)),")") -> 9 (6-11) | M8: =CONCATENATE(round(((if($R$5=true, StormlightAverages!M12,0)+if($R$6=true, MistbornAverages!M12,0)+if($R$7=true, WarbreakerAverages!M12,0)+if($R$8=true, ElantrisAverages!M12,0)+if($R$9=true, WorldhopperAverages!M12,0))/(if(countif($R$5:$R$9,true)=0, 1, COUNTIF($R$5:$R$9,true)))),0)," (",min(if($R$5=true, StormlightMinimums!L12,100000000000),if($R$6=true, MistbornMinimums!L12,100000000000),if($R$7=true, WarbreakerMinimums!L12,100000000000),if($R$8=true, ElantrisMinimums!L12,100000000000),if($R$9=true, WorldhopperMinimums!L12,100000000000)), ,"-",max(if($R$5=true,StormlightMaximums!L12,0),if($R$6=true,MistbornMaximums!L12,0),if($R$7=true, WarbreakerMaximums!L12,0),if($R$8=true, ElantrisMaximums!L12,0),if($R$9=true, WorldhopperMaximums!L12,0)),")") -> 7 (5-9) | N8: =CONCATENATE(round(((if($R$5=true, StormlightAverages!N12,0)+if($R$6=true, MistbornAverages!N12,0)+if($R$7=true, WarbreakerAverages!N12,0)+if($R$8=true, ElantrisAverages!N12,0)+if($R$9=true, WorldhopperAverages!N12,0))/(if(countif($R$5:$R$9,true)=0, 1, COUNTIF($R$5:$R$9,true)))),0)," (",min(if($R$5=true, StormlightMinimums!M12,100000000000),if($R$6=true, MistbornMinimums!M12,100000000000),if($R$7=true, WarbreakerMinimums!M12,100000000000),if($R$8=true, ElantrisMinimums!M12,100000000000),if($R$9=true, WorldhopperMinimums!M12,100000000000)), ,"-",max(if($R$5=true,StormlightMaximums!M12,0),if($R$6=true,MistbornMaximums!M12,0),if($R$7=true, WarbreakerMaximums!M12,0),if($R$8=true, ElantrisMaximums!M12,0),if($R$9=true, WorldhopperMaximums!M12,0)),")") -> 18 (7-42) | O8: =CONCATENATE(round(((if($R$5=true, StormlightAverages!O12,0)+if($R$6=true, MistbornAverages!O12,0)+if($R$7=true, WarbreakerAverages!O12,0)+if($R$8=true, ElantrisAverages!O12,0)+if($R$9=true, WorldhopperAverages!O12,0))/(if(countif($R$5:$R$9,true)=0, 1, COUNTIF($R$5:$R$9,true)))),0)," (",min(if($R$5=true, StormlightMinimums!N12,100000000000),if($R$6=true, MistbornMinimums!N12,100000000000),if($R$7=true, WarbreakerMinimums!N12,100000000000),if($R$8=true, ElantrisMinimums!N12,100000000000),if($R$9=true, WorldhopperMinimums!N12,100000000000)), ,"-",max(if($R$5=true,StormlightMaximums!N12,0),if($R$6=true,MistbornMaximums!N12,0),if($R$7=true, WarbreakerMaximums!N12,0),if($R$8=true, ElantrisMaximums!N12,0),if($R$9=true, WorldhopperMaximums!N12,0)),")") -> 24 (7-50) | Q8: Elantris | R8: FALSE
A9: 2 | B9: Boss | C9: =CONCATENATE(round(((if($R$5=true, StormlightAverages!B13,0)+if($R$6=true, MistbornAverages!B13,0)+if($R$7=true, WarbreakerAverages!B13,0)+if($R$8=true, ElantrisAverages!B13,0)+if($R$9=true, WorldhopperAverages!B13,0))/(if(countif($R$5:$R$9,true)=0, 1, COUNTIF($R$5:$R$9,true)))),0)," (",min(if($R$5=true, StormlightMinimums!B13,100000000000),if($R$6=true, MistbornMinimums!B13,100000000000),if($R$7=true, WarbreakerMinimums!B13,100000000000),if($R$8=true, ElantrisMinimums!B13,100000000000),if($R$9=true, WorldhopperMinimums!B13,100000000000)), ,"-",max(if($R$5=true,StormlightMaximums!B13,0),if($R$6=true,MistbornMaximums!B13,0),if($R$7=true, WarbreakerMaximums!B13,0),if($R$8=true, ElantrisMaximums!B13,0),if($R$9=true, WorldhopperMaximums!B13,0)),")") -> 19 (18-19) | D9: =CONCATENATE(round(((if($R$5=true, StormlightAverages!C13,0)+if($R$6=true, MistbornAverages!C13,0)+if($R$7=true, WarbreakerAverages!C13,0)+if($R$8=true, ElantrisAverages!C13,0)+if($R$9=true, WorldhopperAverages!C13,0))/(if(countif($R$5:$R$9,true)=0, 1, COUNTIF($R$5:$R$9,true)))),0)," (",min(if($R$5=true, StormlightMinimums!C13,100000000000),if($R$6=true, MistbornMinimums!C13,100000000000),if($R$7=true, WarbreakerMinimums!C13,100000000000),if($R$8=true, ElantrisMinimums!C13,100000000000),if($R$9=true, WorldhopperMinimums!C13,100000000000)), ,"-",max(if($R$5=true,StormlightMaximums!C13,0),if($R$6=true,MistbornMaximums!C13,0),if($R$7=true, WarbreakerMaximums!C13,0),if($R$8=true, ElantrisMaximums!C13,0),if($R$9=true, WorldhopperMaximums!C13,0)),")") -> 15 (14-15) | E9: =CONCATENATE(round(((if($R$5=true, StormlightAverages!D13,0)+if($R$6=true, MistbornAverages!D13,0)+if($R$7=true, WarbreakerAverages!D13,0)+if($R$8=true, ElantrisAverages!D13,0)+if($R$9=true, WorldhopperAverages!D13,0))/(if(countif($R$5:$R$9,true)=0, 1, COUNTIF($R$5:$R$9,true)))),0)," (",min(if($R$5=true, StormlightMinimums!D13,100000000000),if($R$6=true, MistbornMinimums!D13,100000000000),if($R$7=true, WarbreakerMinimums!D13,100000000000),if($R$8=true, ElantrisMinimums!D13,100000000000),if($R$9=true, WorldhopperMinimums!D13,100000000000)), ,"-",max(if($R$5=true,StormlightMaximums!D13,0),if($R$6=true,MistbornMaximums!D13,0),if($R$7=true, WarbreakerMaximums!D13,0),if($R$8=true, ElantrisMaximums!D13,0),if($R$9=true, WorldhopperMaximums!D13,0)),")") -> 16 (16-16) | F9: =CONCATENATE(round(((if($R$5=true, StormlightAverages!E13,0)+if($R$6=true, MistbornAverages!E13,0)+if($R$7=true, WarbreakerAverages!E13,0)+if($R$8=true, ElantrisAverages!E13,0)+if($R$9=true, WorldhopperAverages!E13,0))/(if(countif($R$5:$R$9,true)=0, 1, COUNTIF($R$5:$R$9,true)))),0)," (",min(if($R$5=true, StormlightMinimums!E13,100000000000),if($R$6=true, MistbornMinimums!E13,100000000000),if($R$7=true, WarbreakerMinimums!E13,100000000000),if($R$8=true, ElantrisMinimums!E13,100000000000),if($R$9=true, WorldhopperMinimums!E13,100000000000)), ,"-",max(if($R$5=true,StormlightMaximums!E13,0),if($R$6=true,MistbornMaximums!E13,0),if($R$7=true, WarbreakerMaximums!E13,0),if($R$8=true, ElantrisMaximums!E13,0),if($R$9=true, WorldhopperMaximums!E13,0)),")") -> 135 (126-144) | G9: =CONCATENATE(round(((if($R$5=true, StormlightAverages!F13,0)+if($R$6=true, MistbornAverages!F13,0)+if($R$7=true, WarbreakerAverages!F13,0)+if($R$8=true, ElantrisAverages!F13,0)+if($R$9=true, WorldhopperAverages!F13,0))/(if(countif($R$5:$R$9,true)=0, 1, COUNTIF($R$5:$R$9,true)))),0)," (",min(if($R$5=true, StormlightMinimums!F13,100000000000),if($R$6=true, MistbornMinimums!F13,100000000000),if($R$7=true, WarbreakerMinimums!F13,100000000000),if($R$8=true, ElantrisMinimums!F13,100000000000),if($R$9=true, WorldhopperMinimums!F13,100000000000)), ,"-",max(if($R$5=true,StormlightMaximums!F13,0),if($R$6=true,MistbornMaximums!F13,0),if($R$7=true, WarbreakerMaximums!F13,0),if($R$8=true, ElantrisMaximums!F13,0),if($R$9=true, WorldhopperMaximums!F13,0)),")") -> 5 (5-5) | H9: =CONCATENATE(round(((if($R$5=true, StormlightAverages!G13,0)+if($R$6=true, MistbornAverages!G13,0)+if($R$7=true, WarbreakerAverages!G13,0)+if($R$8=true, ElantrisAverages!G13,0)+if($R$9=true, WorldhopperAverages!G13,0))/(if(countif($R$5:$R$9,true)=0, 1, COUNTIF($R$5:$R$9,true)))),0)," (",min(if($R$5=true, StormlightMinimums!G13,100000000000),if($R$6=true, MistbornMinimums!G13,100000000000),if($R$7=true, WarbreakerMinimums!G13,100000000000),if($R$8=true, ElantrisMinimums!G13,100000000000),if($R$9=true, WorldhopperMinimums!G13,100000000000)), ,"-",max(if($R$5=true,StormlightMaximums!G13,0),if($R$6=true,MistbornMaximums!G13,0),if($R$7=true, WarbreakerMaximums!G13,0),if($R$8=true, ElantrisMaximums!G13,0),if($R$9=true, WorldhopperMaximums!G13,0)),")") -> 0 (0-0) | I9: =CONCATENATE(round(((if($R$5=true, StormlightAverages!H13,0)+if($R$6=true, MistbornAverages!H13,0)+if($R$7=true, WarbreakerAverages!H13,0)+if($R$8=true, ElantrisAverages!H13,0)+if($R$9=true, WorldhopperAverages!H13,0))/(if(countif($R$5:$R$9,true)=0, 1, COUNTIF($R$5:$R$9,true)))),0)," (",min(if($R$5=true, StormlightMinimums!H13,100000000000),if($R$6=true, MistbornMinimums!H13,100000000000),if($R$7=true, WarbreakerMinimums!H13,100000000000),if($R$8=true, ElantrisMinimums!H13,100000000000),if($R$9=true, WorldhopperMinimums!H13,100000000000)), ,"-",max(if($R$5=true,StormlightMaximums!H13,0),if($R$6=true,MistbornMaximums!H13,0),if($R$7=true, WarbreakerMaximums!H13,0),if($R$8=true, ElantrisMaximums!H13,0),if($R$9=true, WorldhopperMaximums!H13,0)),")") -> 11 (8-14) | J9: =CONCATENATE(round(((if($R$5=true, StormlightAverages!I13,0)+if($R$6=true, MistbornAverages!I13,0)+if($R$7=true, WarbreakerAverages!I13,0)+if($R$8=true, ElantrisAverages!I13,0)+if($R$9=true, WorldhopperAverages!I13,0))/(if(countif($R$5:$R$9,true)=0, 1, COUNTIF($R$5:$R$9,true)))),0)," (",min(if($R$5=true, StormlightMinimums!I13,100000000000),if($R$6=true, MistbornMinimums!I13,100000000000),if($R$7=true, WarbreakerMinimums!I13,100000000000),if($R$8=true, ElantrisMinimums!I13,100000000000),if($R$9=true, WorldhopperMinimums!I13,100000000000)), ,"-",max(if($R$5=true,StormlightMaximums!I13,0),if($R$6=true,MistbornMaximums!I13,0),if($R$7=true, WarbreakerMaximums!I13,0),if($R$8=true, ElantrisMaximums!I13,0),if($R$9=true, WorldhopperMaximums!I13,0)),")") -> 6 (5-6) | ... L9: =CONCATENATE(round(((if($R$5=true, StormlightAverages!K13,0)+if($R$6=true, MistbornAverages!K13,0)+if($R$7=true, WarbreakerAverages!K13,0)+if($R$8=true, ElantrisAverages!K13,0)+if($R$9=true, WorldhopperAverages!K13,0))/(if(countif($R$5:$R$9,true)=0, 1, COUNTIF($R$5:$R$9,true)))),0)," (",min(if($R$5=true, StormlightMinimums!K13,100000000000),if($R$6=true, MistbornMinimums!K13,100000000000),if($R$7=true, WarbreakerMinimums!K13,100000000000),if($R$8=true, ElantrisMinimums!K13,100000000000),if($R$9=true, WorldhopperMinimums!K13,100000000000)), ,"-",max(if($R$5=true,StormlightMaximums!K13,0),if($R$6=true,MistbornMaximums!K13,0),if($R$7=true, WarbreakerMaximums!K13,0),if($R$8=true, ElantrisMaximums!K13,0),if($R$9=true, WorldhopperMaximums!K13,0)),")") -> 0 (0-0) | M9: =CONCATENATE(round(((if($R$5=true, StormlightAverages!M13,0)+if($R$6=true, MistbornAverages!M13,0)+if($R$7=true, WarbreakerAverages!M13,0)+if($R$8=true, ElantrisAverages!M13,0)+if($R$9=true, WorldhopperAverages!M13,0))/(if(countif($R$5:$R$9,true)=0, 1, COUNTIF($R$5:$R$9,true)))),0)," (",min(if($R$5=true, StormlightMinimums!L13,100000000000),if($R$6=true, MistbornMinimums!L13,100000000000),if($R$7=true, WarbreakerMinimums!L13,100000000000),if($R$8=true, ElantrisMinimums!L13,100000000000),if($R$9=true, WorldhopperMinimums!L13,100000000000)), ,"-",max(if($R$5=true,StormlightMaximums!L13,0),if($R$6=true,MistbornMaximums!L13,0),if($R$7=true, WarbreakerMaximums!L13,0),if($R$8=true, ElantrisMaximums!L13,0),if($R$9=true, WorldhopperMaximums!L13,0)),")") -> 8 (8-8) | N9: =CONCATENATE(round(((if($R$5=true, StormlightAverages!N13,0)+if($R$6=true, MistbornAverages!N13,0)+if($R$7=true, WarbreakerAverages!N13,0)+if($R$8=true, ElantrisAverages!N13,0)+if($R$9=true, WorldhopperAverages!N13,0))/(if(countif($R$5:$R$9,true)=0, 1, COUNTIF($R$5:$R$9,true)))),0)," (",min(if($R$5=true, StormlightMinimums!M13,100000000000),if($R$6=true, MistbornMinimums!M13,100000000000),if($R$7=true, WarbreakerMinimums!M13,100000000000),if($R$8=true, ElantrisMinimums!M13,100000000000),if($R$9=true, WorldhopperMinimums!M13,100000000000)), ,"-",max(if($R$5=true,StormlightMaximums!M13,0),if($R$6=true,MistbornMaximums!M13,0),if($R$7=true, WarbreakerMaximums!M13,0),if($R$8=true, ElantrisMaximums!M13,0),if($R$9=true, WorldhopperMaximums!M13,0)),")") -> 15 (12-17) | O9: =CONCATENATE(round(((if($R$5=true, StormlightAverages!O13,0)+if($R$6=true, MistbornAverages!O13,0)+if($R$7=true, WarbreakerAverages!O13,0)+if($R$8=true, ElantrisAverages!O13,0)+if($R$9=true, WorldhopperAverages!O13,0))/(if(countif($R$5:$R$9,true)=0, 1, COUNTIF($R$5:$R$9,true)))),0)," (",min(if($R$5=true, StormlightMinimums!N13,100000000000),if($R$6=true, MistbornMinimums!N13,100000000000),if($R$7=true, WarbreakerMinimums!N13,100000000000),if($R$8=true, ElantrisMinimums!N13,100000000000),if($R$9=true, WorldhopperMinimums!N13,100000000000)), ,"-",max(if($R$5=true,StormlightMaximums!N13,0),if($R$6=true,MistbornMaximums!N13,0),if($R$7=true, WarbreakerMaximums!N13,0),if($R$8=true, ElantrisMaximums!N13,0),if($R$9=true, WorldhopperMaximums!N13,0)),")") -> 26 (20-32) | Q9: Worldhopper | R9: FALSE
A10: 3 | B10: Rival | C10: =CONCATENATE(round(((if($R$5=true, StormlightAverages!B18,0)+if($R$6=true, MistbornAverages!B18,0)+if($R$7=true, WarbreakerAverages!B18,0)+if($R$8=true, ElantrisAverages!B18,0)+if($R$9=true, WorldhopperAverages!B18,0))/(if(countif($R$5:$R$9,true)=0, 1, COUNTIF($R$5:$R$9,true)))),0)," (",min(if($R$5=true, StormlightMinimums!B18,100000000000),if($R$6=true, MistbornMinimums!B18,100000000000),if($R$7=true, WarbreakerMinimums!B18,100000000000),if($R$8=true, ElantrisMinimums!B18,100000000000),if($R$9=true, WorldhopperMinimums!B18,100000000000)), ,"-",max(if($R$5=true,StormlightMaximums!B18,0),if($R$6=true,MistbornMaximums!B18,0),if($R$7=true, WarbreakerMaximums!B18,0),if($R$8=true, ElantrisMaximums!B18,0),if($R$9=true, WorldhopperMaximums!B18,0)),")") -> 17 (14-19) | D10: =CONCATENATE(round(((if($R$5=true, StormlightAverages!C18,0)+if($R$6=true, MistbornAverages!C18,0)+if($R$7=true, WarbreakerAverages!C18,0)+if($R$8=true, ElantrisAverages!C18,0)+if($R$9=true, WorldhopperAverages!C18,0))/(if(countif($R$5:$R$9,true)=0, 1, COUNTIF($R$5:$R$9,true)))),0)," (",min(if($R$5=true, StormlightMinimums!C18,100000000000),if($R$6=true, MistbornMinimums!C18,100000000000),if($R$7=true, WarbreakerMinimums!C18,100000000000),if($R$8=true, ElantrisMinimums!C18,100000000000),if($R$9=true, WorldhopperMinimums!C18,100000000000)), ,"-",max(if($R$5=true,StormlightMaximums!C18,0),if($R$6=true,MistbornMaximums!C18,0),if($R$7=true, WarbreakerMaximums!C18,0),if($R$8=true, ElantrisMaximums!C18,0),if($R$9=true, WorldhopperMaximums!C18,0)),")") -> 17 (15-20) | E10: =CONCATENATE(round(((if($R$5=true, StormlightAverages!D18,0)+if($R$6=true, MistbornAverages!D18,0)+if($R$7=true, WarbreakerAverages!D18,0)+if($R$8=true, ElantrisAverages!D18,0)+if($R$9=true, WorldhopperAverages!D18,0))/(if(countif($R$5:$R$9,true)=0, 1, COUNTIF($R$5:$R$9,true)))),0)," (",min(if($R$5=true, StormlightMinimums!D18,100000000000),if($R$6=true, MistbornMinimums!D18,100000000000),if($R$7=true, WarbreakerMinimums!D18,100000000000),if($R$8=true, ElantrisMinimums!D18,100000000000),if($R$9=true, WorldhopperMinimums!D18,100000000000)), ,"-",max(if($R$5=true,StormlightMaximums!D18,0),if($R$6=true,MistbornMaximums!D18,0),if($R$7=true, WarbreakerMaximums!D18,0),if($R$8=true, ElantrisMaximums!D18,0),if($R$9=true, WorldhopperMaximums!D18,0)),")") -> 17 (15-19) | F10: =CONCATENATE(round(((if($R$5=true, StormlightAverages!E18,0)+if($R$6=true, MistbornAverages!E18,0)+if($R$7=true, WarbreakerAverages!E18,0)+if($R$8=true, ElantrisAverages!E18,0)+if($R$9=true, WorldhopperAverages!E18,0))/(if(countif($R$5:$R$9,true)=0, 1, COUNTIF($R$5:$R$9,true)))),0)," (",min(if($R$5=true, StormlightMinimums!E18,100000000000),if($R$6=true, MistbornMinimums!E18,100000000000),if($R$7=true, WarbreakerMinimums!E18,100000000000),if($R$8=true, ElantrisMinimums!E18,100000000000),if($R$9=true, WorldhopperMinimums!E18,100000000000)), ,"-",max(if($R$5=true,StormlightMaximums!E18,0),if($R$6=true,MistbornMaximums!E18,0),if($R$7=true, WarbreakerMaximums!E18,0),if($R$8=true, ElantrisMaximums!E18,0),if($R$9=true, WorldhopperMaximums!E18,0)),")") -> 57 (47-62) | G10: =CONCATENATE(round(((if($R$5=true, StormlightAverages!F18,0)+if($R$6=true, MistbornAverages!F18,0)+if($R$7=true, WarbreakerAverages!F18,0)+if($R$8=true, ElantrisAverages!F18,0)+if($R$9=true, WorldhopperAverages!F18,0))/(if(countif($R$5:$R$9,true)=0, 1, COUNTIF($R$5:$R$9,true)))),0)," (",min(if($R$5=true, StormlightMinimums!F18,100000000000),if($R$6=true, MistbornMinimums!F18,100000000000),if($R$7=true, WarbreakerMinimums!F18,100000000000),if($R$8=true, ElantrisMinimums!F18,100000000000),if($R$9=true, WorldhopperMinimums!F18,100000000000)), ,"-",max(if($R$5=true,StormlightMaximums!F18,0),if($R$6=true,MistbornMaximums!F18,0),if($R$7=true, WarbreakerMaximums!F18,0),if($R$8=true, ElantrisMaximums!F18,0),if($R$9=true, WorldhopperMaximums!F18,0)),")") -> 6 (5-8) | H10: =CONCATENATE(round(((if($R$5=true, StormlightAverages!G18,0)+if($R$6=true, MistbornAverages!G18,0)+if($R$7=true, WarbreakerAverages!G18,0)+if($R$8=true, ElantrisAverages!G18,0)+if($R$9=true, WorldhopperAverages!G18,0))/(if(countif($R$5:$R$9,true)=0, 1, COUNTIF($R$5:$R$9,true)))),0)," (",min(if($R$5=true, StormlightMinimums!G18,100000000000),if($R$6=true, MistbornMinimums!G18,100000000000),if($R$7=true, WarbreakerMinimums!G18,100000000000),if($R$8=true, ElantrisMinimums!G18,100000000000),if($R$9=true, WorldhopperMinimums!G18,100000000000)), ,"-",max(if($R$5=true,StormlightMaximums!G18,0),if($R$6=true,MistbornMaximums!G18,0),if($R$7=true, WarbreakerMaximums!G18,0),if($R$8=true, ElantrisMaximums!G18,0),if($R$9=true, WorldhopperMaximums!G18,0)),")") -> 3 (0-8) | I10: =CONCATENATE(round(((if($R$5=true, StormlightAverages!H18,0)+if($R$6=true, MistbornAverages!H18,0)+if($R$7=true, WarbreakerAverages!H18,0)+if($R$8=true, ElantrisAverages!H18,0)+if($R$9=true, WorldhopperAverages!H18,0))/(if(countif($R$5:$R$9,true)=0, 1, COUNTIF($R$5:$R$9,true)))),0)," (",min(if($R$5=true, StormlightMinimums!H18,100000000000),if($R$6=true, MistbornMinimums!H18,100000000000),if($R$7=true, WarbreakerMinimums!H18,100000000000),if($R$8=true, ElantrisMinimums!H18,100000000000),if($R$9=true, WorldhopperMinimums!H18,100000000000)), ,"-",max(if($R$5=true,StormlightMaximums!H18,0),if($R$6=true,MistbornMaximums!H18,0),if($R$7=true, WarbreakerMaximums!H18,0),if($R$8=true, ElantrisMaximums!H18,0),if($R$9=true, WorldhopperMaximums!H18,0)),")") -> 21 (13-30) | J10: =CONCATENATE(round(((if($R$5=true, StormlightAverages!I18,0)+if($R$6=true, MistbornAverages!I18,0)+if($R$7=true, WarbreakerAverages!I18,0)+if($R$8=true, ElantrisAverages!I18,0)+if($R$9=true, WorldhopperAverages!I18,0))/(if(countif($R$5:$R$9,true)=0, 1, COUNTIF($R$5:$R$9,true)))),0)," (",min(if($R$5=true, StormlightMinimums!I18,100000000000),if($R$6=true, MistbornMinimums!I18,100000000000),if($R$7=true, WarbreakerMinimums!I18,100000000000),if($R$8=true, ElantrisMinimums!I18,100000000000),if($R$9=true, WorldhopperMinimums!I18,100000000000)), ,"-",max(if($R$5=true,StormlightMaximums!I18,0),if($R$6=true,MistbornMaximums!I18,0),if($R$7=true, WarbreakerMaximums!I18,0),if($R$8=true, ElantrisMaximums!I18,0),if($R$9=true, WorldhopperMaximums!I18,0)),")") -> 17 (0-36) | ... L10: =CONCATENATE(round(((if($R$5=true, StormlightAverages!K18,0)+if($R$6=true, MistbornAverages!K18,0)+if($R$7=true, WarbreakerAverages!K18,0)+if($R$8=true, ElantrisAverages!K18,0)+if($R$9=true, WorldhopperAverages!K18,0))/(if(countif($R$5:$R$9,true)=0, 1, COUNTIF($R$5:$R$9,true)))),0)," (",min(if($R$5=true, StormlightMinimums!K18,100000000000),if($R$6=true, MistbornMinimums!K18,100000000000),if($R$7=true, WarbreakerMinimums!K18,100000000000),if($R$8=true, ElantrisMinimums!K18,100000000000),if($R$9=true, WorldhopperMinimums!K18,100000000000)), ,"-",max(if($R$5=true,StormlightMaximums!K18,0),if($R$6=true,MistbornMaximums!K18,0),if($R$7=true, WarbreakerMaximums!K18,0),if($R$8=true, ElantrisMaximums!K18,0),if($R$9=true, WorldhopperMaximums!K18,0)),")") -> 12 (10-15) | M10: =CONCATENATE(round(((if($R$5=true, StormlightAverages!M18,0)+if($R$6=true, MistbornAverages!M18,0)+if($R$7=true, WarbreakerAverages!M18,0)+if($R$8=true, ElantrisAverages!M18,0)+if($R$9=true, WorldhopperAverages!M18,0))/(if(countif($R$5:$R$9,true)=0, 1, COUNTIF($R$5:$R$9,true)))),0)," (",min(if($R$5=true, StormlightMinimums!L18,100000000000),if($R$6=true, MistbornMinimums!L18,100000000000),if($R$7=true, WarbreakerMinimums!L18,100000000000),if($R$8=true, ElantrisMinimums!L18,100000000000),if($R$9=true, WorldhopperMinimums!L18,100000000000)), ,"-",max(if($R$5=true,StormlightMaximums!L18,0),if($R$6=true,MistbornMaximums!L18,0),if($R$7=true, WarbreakerMaximums!L18,0),if($R$8=true, ElantrisMaximums!L18,0),if($R$9=true, WorldhopperMaximums!L18,0)),")") -> 8 (3-11) | N10: =CONCATENATE(round(((if($R$5=true, StormlightAverages!N18,0)+if($R$6=true, MistbornAverages!N18,0)+if($R$7=true, WarbreakerAverages!N18,0)+if($R$8=true, ElantrisAverages!N18,0)+if($R$9=true, WorldhopperAverages!N18,0))/(if(countif($R$5:$R$9,true)=0, 1, COUNTIF($R$5:$R$9,true)))),0)," (",min(if($R$5=true, StormlightMinimums!M18,100000000000),if($R$6=true, MistbornMinimums!M18,100000000000),if($R$7=true, WarbreakerMinimums!M18,100000000000),if($R$8=true, ElantrisMinimums!M18,100000000000),if($R$9=true, WorldhopperMinimums!M18,100000000000)), ,"-",max(if($R$5=true,StormlightMaximums!M18,0),if($R$6=true,MistbornMaximums!M18,0),if($R$7=true, WarbreakerMaximums!M18,0),if($R$8=true, ElantrisMaximums!M18,0),if($R$9=true, WorldhopperMaximums!M18,0)),")") -> 22 (7-36) | O10: =CONCATENATE(round(((if($R$5=true, StormlightAverages!O18,0)+if($R$6=true, MistbornAverages!O18,0)+if($R$7=true, WarbreakerAverages!O18,0)+if($R$8=true, ElantrisAverages!O18,0)+if($R$9=true, WorldhopperAverages!O18,0))/(if(countif($R$5:$R$9,true)=0, 1, COUNTIF($R$5:$R$9,true)))),0)," (",min(if($R$5=true, StormlightMinimums!N18,100000000000),if($R$6=true, MistbornMinimums!N18,100000000000),if($R$7=true, WarbreakerMinimums!N18,100000000000),if($R$8=true, ElantrisMinimums!N18,100000000000),if($R$9=true, WorldhopperMinimums!N18,100000000000)), ,"-",max(if($R$5=true,StormlightMaximums!N18,0),if($R$6=true,MistbornMaximums!N18,0),if($R$7=true, WarbreakerMaximums!N18,0),if($R$8=true, ElantrisMaximums!N18,0),if($R$9=true, WorldhopperMaximums!N18,0)),")") -> 27 (7-41)
A11: 3 | B11: Boss | C11: =CONCATENATE(round(((if($R$5=true, StormlightAverages!B19,0)+if($R$6=true, MistbornAverages!B19,0)+if($R$7=true, WarbreakerAverages!B19,0)+if($R$8=true, ElantrisAverages!B19,0)+if($R$9=true, WorldhopperAverages!B19,0))/(if(countif($R$5:$R$9,true)=0, 1, COUNTIF($R$5:$R$9,true)))),0)," (",min(if($R$5=true, StormlightMinimums!B19,100000000000),if($R$6=true, MistbornMinimums!B19,100000000000),if($R$7=true, WarbreakerMinimums!B19,100000000000),if($R$8=true, ElantrisMinimums!B19,100000000000),if($R$9=true, WorldhopperMinimums!B19,100000000000)), ,"-",max(if($R$5=true,StormlightMaximums!B19,0),if($R$6=true,MistbornMaximums!B19,0),if($R$7=true, WarbreakerMaximums!B19,0),if($R$8=true, ElantrisMaximums!B19,0),if($R$9=true, WorldhopperMaximums!B19,0)),")") -> 19 (14-24) | D11: =CONCATENATE(round(((if($R$5=true, StormlightAverages!C19,0)+if($R$6=true, MistbornAverages!C19,0)+if($R$7=true, WarbreakerAverages!C19,0)+if($R$8=true, ElantrisAverages!C19,0)+if($R$9=true, WorldhopperAverages!C19,0))/(if(countif($R$5:$R$9,true)=0, 1, COUNTIF($R$5:$R$9,true)))),0)," (",min(if($R$5=true, StormlightMinimums!C19,100000000000),if($R$6=true, MistbornMinimums!C19,100000000000),if($R$7=true, WarbreakerMinimums!C19,100000000000),if($R$8=true, ElantrisMinimums!C19,100000000000),if($R$9=true, WorldhopperMinimums!C19,100000000000)), ,"-",max(if($R$5=true,StormlightMaximums!C19,0),if($R$6=true,MistbornMaximums!C19,0),if($R$7=true, WarbreakerMaximums!C19,0),if($R$8=true, ElantrisMaximums!C19,0),if($R$9=true, WorldhopperMaximums!C19,0)),")") -> 19 (16-22) | E11: =CONCATENATE(round(((if($R$5=true, StormlightAverages!D19,0)+if($R$6=true, MistbornAverages!D19,0)+if($R$7=true, WarbreakerAverages!D19,0)+if($R$8=true, ElantrisAverages!D19,0)+if($R$9=true, WorldhopperAverages!D19,0))/(if(countif($R$5:$R$9,true)=0, 1, COUNTIF($R$5:$R$9,true)))),0)," (",min(if($R$5=true, StormlightMinimums!D19,100000000000),if($R$6=true, MistbornMinimums!D19,100000000000),if($R$7=true, WarbreakerMinimums!D19,100000000000),if($R$8=true, ElantrisMinimums!D19,100000000000),if($R$9=true, WorldhopperMinimums!D19,100000000000)), ,"-",max(if($R$5=true,StormlightMaximums!D19,0),if($R$6=true,MistbornMaximums!D19,0),if($R$7=true, WarbreakerMaximums!D19,0),if($R$8=true, ElantrisMaximums!D19,0),if($R$9=true, WorldhopperMaximums!D19,0)),")") -> 17 (16-18) | F11: =CONCATENATE(round(((if($R$5=true, StormlightAverages!E19,0)+if($R$6=true, MistbornAverages!E19,0)+if($R$7=true, WarbreakerAverages!E19,0)+if($R$8=true, ElantrisAverages!E19,0)+if($R$9=true, WorldhopperAverages!E19,0))/(if(countif($R$5:$R$9,true)=0, 1, COUNTIF($R$5:$R$9,true)))),0)," (",min(if($R$5=true, StormlightMinimums!E19,100000000000),if($R$6=true, MistbornMinimums!E19,100000000000),if($R$7=true, WarbreakerMinimums!E19,100000000000),if($R$8=true, ElantrisMinimums!E19,100000000000),if($R$9=true, WorldhopperMinimums!E19,100000000000)), ,"-",max(if($R$5=true,StormlightMaximums!E19,0),if($R$6=true,MistbornMaximums!E19,0),if($R$7=true, WarbreakerMaximums!E19,0),if($R$8=true, ElantrisMaximums!E19,0),if($R$9=true, WorldhopperMaximums!E19,0)),")") -> 196 (180-215) | G11: =CONCATENATE(round(((if($R$5=true, StormlightAverages!F19,0)+if($R$6=true, MistbornAverages!F19,0)+if($R$7=true, WarbreakerAverages!F19,0)+if($R$8=true, ElantrisAverages!F19,0)+if($R$9=true, WorldhopperAverages!F19,0))/(if(countif($R$5:$R$9,true)=0, 1, COUNTIF($R$5:$R$9,true)))),0)," (",min(if($R$5=true, StormlightMinimums!F19,100000000000),if($R$6=true, MistbornMinimums!F19,100000000000),if($R$7=true, WarbreakerMinimums!F19,100000000000),if($R$8=true, ElantrisMinimums!F19,100000000000),if($R$9=true, WorldhopperMinimums!F19,100000000000)), ,"-",max(if($R$5=true,StormlightMaximums!F19,0),if($R$6=true,MistbornMaximums!F19,0),if($R$7=true, WarbreakerMaximums!F19,0),if($R$8=true, ElantrisMaximums!F19,0),if($R$9=true, WorldhopperMaximums!F19,0)),")") -> 8 (7-11) | H11: =CONCATENATE(round(((if($R$5=true, StormlightAverages!G19,0)+if($R$6=true, MistbornAverages!G19,0)+if($R$7=true, WarbreakerAverages!G19,0)+if($R$8=true, ElantrisAverages!G19,0)+if($R$9=true, WorldhopperAverages!G19,0))/(if(countif($R$5:$R$9,true)=0, 1, COUNTIF($R$5:$R$9,true)))),0)," (",min(if($R$5=true, StormlightMinimums!G19,100000000000),if($R$6=true, MistbornMinimums!G19,100000000000),if($R$7=true, WarbreakerMinimums!G19,100000000000),if($R$8=true, ElantrisMinimums!G19,100000000000),if($R$9=true, WorldhopperMinimums!G19,100000000000)), ,"-",max(if($R$5=true,StormlightMaximums!G19,0),if($R$6=true,MistbornMaximums!G19,0),if($R$7=true, WarbreakerMaximums!G19,0),if($R$8=true, ElantrisMaximums!G19,0),if($R$9=true, WorldhopperMaximums!G19,0)),")") -> 5 (0-9) | I11: =CONCATENATE(round(((if($R$5=true, StormlightAverages!H19,0)+if($R$6=true, MistbornAverages!H19,0)+if($R$7=true, WarbreakerAverages!H19,0)+if($R$8=true, ElantrisAverages!H19,0)+if($R$9=true, WorldhopperAverages!H19,0))/(if(countif($R$5:$R$9,true)=0, 1, COUNTIF($R$5:$R$9,true)))),0)," (",min(if($R$5=true, StormlightMinimums!H19,100000000000),if($R$6=true, MistbornMinimums!H19,100000000000),if($R$7=true, WarbreakerMinimums!H19,100000000000),if($R$8=true, ElantrisMinimums!H19,100000000000),if($R$9=true, WorldhopperMinimums!H19,100000000000)), ,"-",max(if($R$5=true,StormlightMaximums!H19,0),if($R$6=true,MistbornMaximums!H19,0),if($R$7=true, WarbreakerMaximums!H19,0),if($R$8=true, ElantrisMaximums!H19,0),if($R$9=true, WorldhopperMaximums!H19,0)),")") -> 17 (13-21) | J11: =CONCATENATE(round(((if($R$5=true, StormlightAverages!I19,0)+if($R$6=true, MistbornAverages!I19,0)+if($R$7=true, WarbreakerAverages!I19,0)+if($R$8=true, ElantrisAverages!I19,0)+if($R$9=true, WorldhopperAverages!I19,0))/(if(countif($R$5:$R$9,true)=0, 1, COUNTIF($R$5:$R$9,true)))),0)," (",min(if($R$5=true, StormlightMinimums!I19,100000000000),if($R$6=true, MistbornMinimums!I19,100000000000),if($R$7=true, WarbreakerMinimums!I19,100000000000),if($R$8=true, ElantrisMinimums!I19,100000000000),if($R$9=true, WorldhopperMinimums!I19,100000000000)), ,"-",max(if($R$5=true,StormlightMaximums!I19,0),if($R$6=true,MistbornMaximums!I19,0),if($R$7=true, WarbreakerMaximums!I19,0),if($R$8=true, ElantrisMaximums!I19,0),if($R$9=true, WorldhopperMaximums!I19,0)),")") -> 18 (9-40) | ... L11: =CONCATENATE(round(((if($R$5=true, StormlightAverages!K19,0)+if($R$6=true, MistbornAverages!K19,0)+if($R$7=true, WarbreakerAverages!K19,0)+if($R$8=true, ElantrisAverages!K19,0)+if($R$9=true, WorldhopperAverages!K19,0))/(if(countif($R$5:$R$9,true)=0, 1, COUNTIF($R$5:$R$9,true)))),0)," (",min(if($R$5=true, StormlightMinimums!K19,100000000000),if($R$6=true, MistbornMinimums!K19,100000000000),if($R$7=true, WarbreakerMinimums!K19,100000000000),if($R$8=true, ElantrisMinimums!K19,100000000000),if($R$9=true, WorldhopperMinimums!K19,100000000000)), ,"-",max(if($R$5=true,StormlightMaximums!K19,0),if($R$6=true,MistbornMaximums!K19,0),if($R$7=true, WarbreakerMaximums!K19,0),if($R$8=true, ElantrisMaximums!K19,0),if($R$9=true, WorldhopperMaximums!K19,0)),")") -> 11 (10-11) | M11: =CONCATENATE(round(((if($R$5=true, StormlightAverages!M19,0)+if($R$6=true, MistbornAverages!M19,0)+if($R$7=true, WarbreakerAverages!M19,0)+if($R$8=true, ElantrisAverages!M19,0)+if($R$9=true, WorldhopperAverages!M19,0))/(if(countif($R$5:$R$9,true)=0, 1, COUNTIF($R$5:$R$9,true)))),0)," (",min(if($R$5=true, StormlightMinimums!L19,100000000000),if($R$6=true, MistbornMinimums!L19,100000000000),if($R$7=true, WarbreakerMinimums!L19,100000000000),if($R$8=true, ElantrisMinimums!L19,100000000000),if($R$9=true, WorldhopperMinimums!L19,100000000000)), ,"-",max(if($R$5=true,StormlightMaximums!L19,0),if($R$6=true,MistbornMaximums!L19,0),if($R$7=true, WarbreakerMaximums!L19,0),if($R$8=true, ElantrisMaximums!L19,0),if($R$9=true, WorldhopperMaximums!L19,0)),")") -> 10 (8-13) | N11: =CONCATENATE(round(((if($R$5=true, StormlightAverages!N19,0)+if($R$6=true, MistbornAverages!N19,0)+if($R$7=true, WarbreakerAverages!N19,0)+if($R$8=true, ElantrisAverages!N19,0)+if($R$9=true, WorldhopperAverages!N19,0))/(if(countif($R$5:$R$9,true)=0, 1, COUNTIF($R$5:$R$9,true)))),0)," (",min(if($R$5=true, StormlightMinimums!M19,100000000000),if($R$6=true, MistbornMinimums!M19,100000000000),if($R$7=true, WarbreakerMinimums!M19,100000000000),if($R$8=true, ElantrisMinimums!M19,100000000000),if($R$9=true, WorldhopperMinimums!M19,100000000000)), ,"-",max(if($R$5=true,StormlightMaximums!M19,0),if($R$6=true,MistbornMaximums!M19,0),if($R$7=true, WarbreakerMaximums!M19,0),if($R$8=true, ElantrisMaximums!M19,0),if($R$9=true, WorldhopperMaximums!M19,0)),")") -> 32 (20-54) | O11: =CONCATENATE(round(((if($R$5=true, StormlightAverages!O19,0)+if($R$6=true, MistbornAverages!O19,0)+if($R$7=true, WarbreakerAverages!O19,0)+if($R$8=true, ElantrisAverages!O19,0)+if($R$9=true, WorldhopperAverages!O19,0))/(if(countif($R$5:$R$9,true)=0, 1, COUNTIF($R$5:$R$9,true)))),0)," (",min(if($R$5=true, StormlightMinimums!N19,100000000000),if($R$6=true, MistbornMinimums!N19,100000000000),if($R$7=true, WarbreakerMinimums!N19,100000000000),if($R$8=true, ElantrisMinimums!N19,100000000000),if($R$9=true, WorldhopperMinimums!N19,100000000000)), ,"-",max(if($R$5=true,StormlightMaximums!N19,0),if($R$6=true,MistbornMaximums!N19,0),if($R$7=true, WarbreakerMaximums!N19,0),if($R$8=true, ElantrisMaximums!N19,0),if($R$9=true, WorldhopperMaximums!N19,0)),")") -> 44 (40-54)
A12: 4 | B12: Rival | C12: =CONCATENATE(round(((if($R$5=true, StormlightAverages!B24,0)+if($R$6=true, MistbornAverages!B24,0)+if($R$7=true, WarbreakerAverages!B24,0)+if($R$8=true, ElantrisAverages!B24,0)+if($R$9=true, WorldhopperAverages!B24,0))/(if(countif($R$5:$R$9,true)=0, 1, COUNTIF($R$5:$R$9,true)))),0)," (",min(if($R$5=true, StormlightMinimums!B24,100000000000),if($R$6=true, MistbornMinimums!B24,100000000000),if($R$7=true, WarbreakerMinimums!B24,100000000000),if($R$8=true, ElantrisMinimums!B24,100000000000),if($R$9=true, WorldhopperMinimums!B24,100000000000)), ,"-",max(if($R$5=true,StormlightMaximums!B24,0),if($R$6=true,MistbornMaximums!B24,0),if($R$7=true, WarbreakerMaximums!B24,0),if($R$8=true, ElantrisMaximums!B24,0),if($R$9=true, WorldhopperMaximums!B24,0)),")") -> 16 (16-17) | D12: =CONCATENATE(round(((if($R$5=true, StormlightAverages!C24,0)+if($R$6=true, MistbornAverages!C24,0)+if($R$7=true, WarbreakerAverages!C24,0)+if($R$8=true, ElantrisAverages!C24,0)+if($R$9=true, WorldhopperAverages!C24,0))/(if(countif($R$5:$R$9,true)=0, 1, COUNTIF($R$5:$R$9,true)))),0)," (",min(if($R$5=true, StormlightMinimums!C24,100000000000),if($R$6=true, MistbornMinimums!C24,100000000000),if($R$7=true, WarbreakerMinimums!C24,100000000000),if($R$8=true, ElantrisMinimums!C24,100000000000),if($R$9=true, WorldhopperMinimums!C24,100000000000)), ,"-",max(if($R$5=true,StormlightMaximums!C24,0),if($R$6=true,MistbornMaximums!C24,0),if($R$7=true, WarbreakerMaximums!C24,0),if($R$8=true, ElantrisMaximums!C24,0),if($R$9=true, WorldhopperMaximums!C24,0)),")") -> 18 (16-19) | E12: =CONCATENATE(round(((if($R$5=true, StormlightAverages!D24,0)+if($R$6=true, MistbornAverages!D24,0)+if($R$7=true, WarbreakerAverages!D24,0)+if($R$8=true, ElantrisAverages!D24,0)+if($R$9=true, WorldhopperAverages!D24,0))/(if(countif($R$5:$R$9,true)=0, 1, COUNTIF($R$5:$R$9,true)))),0)," (",min(if($R$5=true, StormlightMinimums!D24,100000000000),if($R$6=true, MistbornMinimums!D24,100000000000),if($R$7=true, WarbreakerMinimums!D24,100000000000),if($R$8=true, ElantrisMinimums!D24,100000000000),if($R$9=true, WorldhopperMinimums!D24,100000000000)), ,"-",max(if($R$5=true,StormlightMaximums!D24,0),if($R$6=true,MistbornMaximums!D24,0),if($R$7=true, WarbreakerMaximums!D24,0),if($R$8=true, ElantrisMaximums!D24,0),if($R$9=true, WorldhopperMaximums!D24,0)),")") -> 17 (15-18) | F12: =CONCATENATE(round(((if($R$5=true, StormlightAverages!E24,0)+if($R$6=true, MistbornAverages!E24,0)+if($R$7=true, WarbreakerAverages!E24,0)+if($R$8=true, ElantrisAverages!E24,0)+if($R$9=true, WorldhopperAverages!E24,0))/(if(countif($R$5:$R$9,true)=0, 1, COUNTIF($R$5:$R$9,true)))),0)," (",min(if($R$5=true, StormlightMinimums!E24,100000000000),if($R$6=true, MistbornMinimums!E24,100000000000),if($R$7=true, WarbreakerMinimums!E24,100000000000),if($R$8=true, ElantrisMinimums!E24,100000000000),if($R$9=true, WorldhopperMinimums!E24,100000000000)), ,"-",max(if($R$5=true,StormlightMaximums!E24,0),if($R$6=true,MistbornMaximums!E24,0),if($R$7=true, WarbreakerMaximums!E24,0),if($R$8=true, ElantrisMaximums!E24,0),if($R$9=true, WorldhopperMaximums!E24,0)),")") -> 57 (42-65) | G12: =CONCATENATE(round(((if($R$5=true, StormlightAverages!F24,0)+if($R$6=true, MistbornAverages!F24,0)+if($R$7=true, WarbreakerAverages!F24,0)+if($R$8=true, ElantrisAverages!F24,0)+if($R$9=true, WorldhopperAverages!F24,0))/(if(countif($R$5:$R$9,true)=0, 1, COUNTIF($R$5:$R$9,true)))),0)," (",min(if($R$5=true, StormlightMinimums!F24,100000000000),if($R$6=true, MistbornMinimums!F24,100000000000),if($R$7=true, WarbreakerMinimums!F24,100000000000),if($R$8=true, ElantrisMinimums!F24,100000000000),if($R$9=true, WorldhopperMinimums!F24,100000000000)), ,"-",max(if($R$5=true,StormlightMaximums!F24,0),if($R$6=true,MistbornMaximums!F24,0),if($R$7=true, WarbreakerMaximums!F24,0),if($R$8=true, ElantrisMaximums!F24,0),if($R$9=true, WorldhopperMaximums!F24,0)),")") -> 6 (5-6) | H12: =CONCATENATE(round(((if($R$5=true, StormlightAverages!G24,0)+if($R$6=true, MistbornAverages!G24,0)+if($R$7=true, WarbreakerAverages!G24,0)+if($R$8=true, ElantrisAverages!G24,0)+if($R$9=true, WorldhopperAverages!G24,0))/(if(countif($R$5:$R$9,true)=0, 1, COUNTIF($R$5:$R$9,true)))),0)," (",min(if($R$5=true, StormlightMinimums!G24,100000000000),if($R$6=true, MistbornMinimums!G24,100000000000),if($R$7=true, WarbreakerMinimums!G24,100000000000),if($R$8=true, ElantrisMinimums!G24,100000000000),if($R$9=true, WorldhopperMinimums!G24,100000000000)), ,"-",max(if($R$5=true,StormlightMaximums!G24,0),if($R$6=true,MistbornMaximums!G24,0),if($R$7=true, WarbreakerMaximums!G24,0),if($R$8=true, ElantrisMaximums!G24,0),if($R$9=true, WorldhopperMaximums!G24,0)),")") -> 7 (6-7) | I12: =CONCATENATE(round(((if($R$5=true, StormlightAverages!H24,0)+if($R$6=true, MistbornAverages!H24,0)+if($R$7=true, WarbreakerAverages!H24,0)+if($R$8=true, ElantrisAverages!H24,0)+if($R$9=true, WorldhopperAverages!H24,0))/(if(countif($R$5:$R$9,true)=0, 1, COUNTIF($R$5:$R$9,true)))),0)," (",min(if($R$5=true, StormlightMinimums!H24,100000000000),if($R$6=true, MistbornMinimums!H24,100000000000),if($R$7=true, WarbreakerMinimums!H24,100000000000),if($R$8=true, ElantrisMinimums!H24,100000000000),if($R$9=true, WorldhopperMinimums!H24,100000000000)), ,"-",max(if($R$5=true,StormlightMaximums!H24,0),if($R$6=true,MistbornMaximums!H24,0),if($R$7=true, WarbreakerMaximums!H24,0),if($R$8=true, ElantrisMaximums!H24,0),if($R$9=true, WorldhopperMaximums!H24,0)),")") -> 23 (8-31) | J12: =CONCATENATE(round(((if($R$5=true, StormlightAverages!I24,0)+if($R$6=true, MistbornAverages!I24,0)+if($R$7=true, WarbreakerAverages!I24,0)+if($R$8=true, ElantrisAverages!I24,0)+if($R$9=true, WorldhopperAverages!I24,0))/(if(countif($R$5:$R$9,true)=0, 1, COUNTIF($R$5:$R$9,true)))),0)," (",min(if($R$5=true, StormlightMinimums!I24,100000000000),if($R$6=true, MistbornMinimums!I24,100000000000),if($R$7=true, WarbreakerMinimums!I24,100000000000),if($R$8=true, ElantrisMinimums!I24,100000000000),if($R$9=true, WorldhopperMinimums!I24,100000000000)), ,"-",max(if($R$5=true,StormlightMaximums!I24,0),if($R$6=true,MistbornMaximums!I24,0),if($R$7=true, WarbreakerMaximums!I24,0),if($R$8=true, ElantrisMaximums!I24,0),if($R$9=true, WorldhopperMaximums!I24,0)),")") -> 19 (5-34) | ... L12: =CONCATENATE(round(((if($R$5=true, StormlightAverages!K24,0)+if($R$6=true, MistbornAverages!K24,0)+if($R$7=true, WarbreakerAverages!K24,0)+if($R$8=true, ElantrisAverages!K24,0)+if($R$9=true, WorldhopperAverages!K24,0))/(if(countif($R$5:$R$9,true)=0, 1, COUNTIF($R$5:$R$9,true)))),0)," (",min(if($R$5=true, StormlightMinimums!K24,100000000000),if($R$6=true, MistbornMinimums!K24,100000000000),if($R$7=true, WarbreakerMinimums!K24,100000000000),if($R$8=true, ElantrisMinimums!K24,100000000000),if($R$9=true, WorldhopperMinimums!K24,100000000000)), ,"-",max(if($R$5=true,StormlightMaximums!K24,0),if($R$6=true,MistbornMaximums!K24,0),if($R$7=true, WarbreakerMaximums!K24,0),if($R$8=true, ElantrisMaximums!K24,0),if($R$9=true, WorldhopperMaximums!K24,0)),")") -> 18 (17-19) | M12: =CONCATENATE(round(((if($R$5=true, StormlightAverages!M24,0)+if($R$6=true, MistbornAverages!M24,0)+if($R$7=true, WarbreakerAverages!M24,0)+if($R$8=true, ElantrisAverages!M24,0)+if($R$9=true, WorldhopperAverages!M24,0))/(if(countif($R$5:$R$9,true)=0, 1, COUNTIF($R$5:$R$9,true)))),0)," (",min(if($R$5=true, StormlightMinimums!L24,100000000000),if($R$6=true, MistbornMinimums!L24,100000000000),if($R$7=true, WarbreakerMinimums!L24,100000000000),if($R$8=true, ElantrisMinimums!L24,100000000000),if($R$9=true, WorldhopperMinimums!L24,100000000000)), ,"-",max(if($R$5=true,StormlightMaximums!L24,0),if($R$6=true,MistbornMaximums!L24,0),if($R$7=true, WarbreakerMaximums!L24,0),if($R$8=true, ElantrisMaximums!L24,0),if($R$9=true, WorldhopperMaximums!L24,0)),")") -> 9 (8-10) | N12: =CONCATENATE(round(((if($R$5=true, StormlightAverages!N24,0)+if($R$6=true, MistbornAverages!N24,0)+if($R$7=true, WarbreakerAverages!N24,0)+if($R$8=true, ElantrisAverages!N24,0)+if($R$9=true, WorldhopperAverages!N24,0))/(if(countif($R$5:$R$9,true)=0, 1, COUNTIF($R$5:$R$9,true)))),0)," (",min(if($R$5=true, StormlightMinimums!M24,100000000000),if($R$6=true, MistbornMinimums!M24,100000000000),if($R$7=true, WarbreakerMinimums!M24,100000000000),if($R$8=true, ElantrisMinimums!M24,100000000000),if($R$9=true, WorldhopperMinimums!M24,100000000000)), ,"-",max(if($R$5=true,StormlightMaximums!M24,0),if($R$6=true,MistbornMaximums!M24,0),if($R$7=true, WarbreakerMaximums!M24,0),if($R$8=true, ElantrisMaximums!M24,0),if($R$9=true, WorldhopperMaximums!M24,0)),")") -> 30 (18-46) | O12: =CONCATENATE(round(((if($R$5=true, StormlightAverages!O24,0)+if($R$6=true, MistbornAverages!O24,0)+if($R$7=true, WarbreakerAverages!O24,0)+if($R$8=true, ElantrisAverages!O24,0)+if($R$9=true, WorldhopperAverages!O24,0))/(if(countif($R$5:$R$9,true)=0, 1, COUNTIF($R$5:$R$9,true)))),0)," (",min(if($R$5=true, StormlightMinimums!N24,100000000000),if($R$6=true, MistbornMinimums!N24,100000000000),if($R$7=true, WarbreakerMinimums!N24,100000000000),if($R$8=true, ElantrisMinimums!N24,100000000000),if($R$9=true, WorldhopperMinimums!N24,100000000000)), ,"-",max(if($R$5=true,StormlightMaximums!N24,0),if($R$6=true,MistbornMaximums!N24,0),if($R$7=true, WarbreakerMaximums!N24,0),if($R$8=true, ElantrisMaximums!N24,0),if($R$9=true, WorldhopperMaximums!N24,0)),")") -> 34 (18-46)
A13: 4 | B13: Boss | C13: =CONCATENATE(round(((if($R$5=true, StormlightAverages!B25,0)+if($R$6=true, MistbornAverages!B25,0)+if($R$7=true, WarbreakerAverages!B25,0)+if($R$8=true, ElantrisAverages!B25,0)+if($R$9=true, WorldhopperAverages!B25,0))/(if(countif($R$5:$R$9,true)=0, 1, COUNTIF($R$5:$R$9,true)))),0)," (",min(if($R$5=true, StormlightMinimums!B25,100000000000),if($R$6=true, MistbornMinimums!B25,100000000000),if($R$7=true, WarbreakerMinimums!B25,100000000000),if($R$8=true, ElantrisMinimums!B25,100000000000),if($R$9=true, WorldhopperMinimums!B25,100000000000)), ,"-",max(if($R$5=true,StormlightMaximums!B25,0),if($R$6=true,MistbornMaximums!B25,0),if($R$7=true, WarbreakerMaximums!B25,0),if($R$8=true, ElantrisMaximums!B25,0),if($R$9=true, WorldhopperMaximums!B25,0)),")") -> 21 (19-23) | D13: =CONCATENATE(round(((if($R$5=true, StormlightAverages!C25,0)+if($R$6=true, MistbornAverages!C25,0)+if($R$7=true, WarbreakerAverages!C25,0)+if($R$8=true, ElantrisAverages!C25,0)+if($R$9=true, WorldhopperAverages!C25,0))/(if(countif($R$5:$R$9,true)=0, 1, COUNTIF($R$5:$R$9,true)))),0)," (",min(if($R$5=true, StormlightMinimums!C25,100000000000),if($R$6=true, MistbornMinimums!C25,100000000000),if($R$7=true, WarbreakerMinimums!C25,100000000000),if($R$8=true, ElantrisMinimums!C25,100000000000),if($R$9=true, WorldhopperMinimums!C25,100000000000)), ,"-",max(if($R$5=true,StormlightMaximums!C25,0),if($R$6=true,MistbornMaximums!C25,0),if($R$7=true, WarbreakerMaximums!C25,0),if($R$8=true, ElantrisMaximums!C25,0),if($R$9=true, WorldhopperMaximums!C25,0)),")") -> 19 (18-20) | E13: =CONCATENATE(round(((if($R$5=true, StormlightAverages!D25,0)+if($R$6=true, MistbornAverages!D25,0)+if($R$7=true, WarbreakerAverages!D25,0)+if($R$8=true, ElantrisAverages!D25,0)+if($R$9=true, WorldhopperAverages!D25,0))/(if(countif($R$5:$R$9,true)=0, 1, COUNTIF($R$5:$R$9,true)))),0)," (",min(if($R$5=true, StormlightMinimums!D25,100000000000),if($R$6=true, MistbornMinimums!D25,100000000000),if($R$7=true, WarbreakerMinimums!D25,100000000000),if($R$8=true, ElantrisMinimums!D25,100000000000),if($R$9=true, WorldhopperMinimums!D25,100000000000)), ,"-",max(if($R$5=true,StormlightMaximums!D25,0),if($R$6=true,MistbornMaximums!D25,0),if($R$7=true, WarbreakerMaximums!D25,0),if($R$8=true, ElantrisMaximums!D25,0),if($R$9=true, WorldhopperMaximums!D25,0)),")") -> 18 (17-19) | F13: =CONCATENATE(round(((if($R$5=true, StormlightAverages!E25,0)+if($R$6=true, MistbornAverages!E25,0)+if($R$7=true, WarbreakerAverages!E25,0)+if($R$8=true, ElantrisAverages!E25,0)+if($R$9=true, WorldhopperAverages!E25,0))/(if(countif($R$5:$R$9,true)=0, 1, COUNTIF($R$5:$R$9,true)))),0)," (",min(if($R$5=true, StormlightMinimums!E25,100000000000),if($R$6=true, MistbornMinimums!E25,100000000000),if($R$7=true, WarbreakerMinimums!E25,100000000000),if($R$8=true, ElantrisMinimums!E25,100000000000),if($R$9=true, WorldhopperMinimums!E25,100000000000)), ,"-",max(if($R$5=true,StormlightMaximums!E25,0),if($R$6=true,MistbornMaximums!E25,0),if($R$7=true, WarbreakerMaximums!E25,0),if($R$8=true, ElantrisMaximums!E25,0),if($R$9=true, WorldhopperMaximums!E25,0)),")") -> 215 (190-240) | G13: =CONCATENATE(round(((if($R$5=true, StormlightAverages!F25,0)+if($R$6=true, MistbornAverages!F25,0)+if($R$7=true, WarbreakerAverages!F25,0)+if($R$8=true, ElantrisAverages!F25,0)+if($R$9=true, WorldhopperAverages!F25,0))/(if(countif($R$5:$R$9,true)=0, 1, COUNTIF($R$5:$R$9,true)))),0)," (",min(if($R$5=true, StormlightMinimums!F25,100000000000),if($R$6=true, MistbornMinimums!F25,100000000000),if($R$7=true, WarbreakerMinimums!F25,100000000000),if($R$8=true, ElantrisMinimums!F25,100000000000),if($R$9=true, WorldhopperMinimums!F25,100000000000)), ,"-",max(if($R$5=true,StormlightMaximums!F25,0),if($R$6=true,MistbornMaximums!F25,0),if($R$7=true, WarbreakerMaximums!F25,0),if($R$8=true, ElantrisMaximums!F25,0),if($R$9=true, WorldhopperMaximums!F25,0)),")") -> 11 (10-11) | H13: =CONCATENATE(round(((if($R$5=true, StormlightAverages!G25,0)+if($R$6=true, MistbornAverages!G25,0)+if($R$7=true, WarbreakerAverages!G25,0)+if($R$8=true, ElantrisAverages!G25,0)+if($R$9=true, WorldhopperAverages!G25,0))/(if(countif($R$5:$R$9,true)=0, 1, COUNTIF($R$5:$R$9,true)))),0)," (",min(if($R$5=true, StormlightMinimums!G25,100000000000),if($R$6=true, MistbornMinimums!G25,100000000000),if($R$7=true, WarbreakerMinimums!G25,100000000000),if($R$8=true, ElantrisMinimums!G25,100000000000),if($R$9=true, WorldhopperMinimums!G25,100000000000)), ,"-",max(if($R$5=true,StormlightMaximums!G25,0),if($R$6=true,MistbornMaximums!G25,0),if($R$7=true, WarbreakerMaximums!G25,0),if($R$8=true, ElantrisMaximums!G25,0),if($R$9=true, WorldhopperMaximums!G25,0)),")") -> 8 (7-9) | I13: =CONCATENATE(round(((if($R$5=true, StormlightAverages!H25,0)+if($R$6=true, MistbornAverages!H25,0)+if($R$7=true, WarbreakerAverages!H25,0)+if($R$8=true, ElantrisAverages!H25,0)+if($R$9=true, WorldhopperAverages!H25,0))/(if(countif($R$5:$R$9,true)=0, 1, COUNTIF($R$5:$R$9,true)))),0)," (",min(if($R$5=true, StormlightMinimums!H25,100000000000),if($R$6=true, MistbornMinimums!H25,100000000000),if($R$7=true, WarbreakerMinimums!H25,100000000000),if($R$8=true, ElantrisMinimums!H25,100000000000),if($R$9=true, WorldhopperMinimums!H25,100000000000)), ,"-",max(if($R$5=true,StormlightMaximums!H25,0),if($R$6=true,MistbornMaximums!H25,0),if($R$7=true, WarbreakerMaximums!H25,0),if($R$8=true, ElantrisMaximums!H25,0),if($R$9=true, WorldhopperMaximums!H25,0)),")") -> 37 (28-46) | J13: =CONCATENATE(round(((if($R$5=true, StormlightAverages!I25,0)+if($R$6=true, MistbornAverages!I25,0)+if($R$7=true, WarbreakerAverages!I25,0)+if($R$8=true, ElantrisAverages!I25,0)+if($R$9=true, WorldhopperAverages!I25,0))/(if(countif($R$5:$R$9,true)=0, 1, COUNTIF($R$5:$R$9,true)))),0)," (",min(if($R$5=true, StormlightMinimums!I25,100000000000),if($R$6=true, MistbornMinimums!I25,100000000000),if($R$7=true, WarbreakerMinimums!I25,100000000000),if($R$8=true, ElantrisMinimums!I25,100000000000),if($R$9=true, WorldhopperMinimums!I25,100000000000)), ,"-",max(if($R$5=true,StormlightMaximums!I25,0),if($R$6=true,MistbornMaximums!I25,0),if($R$7=true, WarbreakerMaximums!I25,0),if($R$8=true, ElantrisMaximums!I25,0),if($R$9=true, WorldhopperMaximums!I25,0)),")") -> 11 (10-11) | ... L13: =CONCATENATE(round(((if($R$5=true, StormlightAverages!K25,0)+if($R$6=true, MistbornAverages!K25,0)+if($R$7=true, WarbreakerAverages!K25,0)+if($R$8=true, ElantrisAverages!K25,0)+if($R$9=true, WorldhopperAverages!K25,0))/(if(countif($R$5:$R$9,true)=0, 1, COUNTIF($R$5:$R$9,true)))),0)," (",min(if($R$5=true, StormlightMinimums!K25,100000000000),if($R$6=true, MistbornMinimums!K25,100000000000),if($R$7=true, WarbreakerMinimums!K25,100000000000),if($R$8=true, ElantrisMinimums!K25,100000000000),if($R$9=true, WorldhopperMinimums!K25,100000000000)), ,"-",max(if($R$5=true,StormlightMaximums!K25,0),if($R$6=true,MistbornMaximums!K25,0),if($R$7=true, WarbreakerMaximums!K25,0),if($R$8=true, ElantrisMaximums!K25,0),if($R$9=true, WorldhopperMaximums!K25,0)),")") -> 48 (14-81) | M13: =CONCATENATE(round(((if($R$5=true, StormlightAverages!M25,0)+if($R$6=true, MistbornAverages!M25,0)+if($R$7=true, WarbreakerAverages!M25,0)+if($R$8=true, ElantrisAverages!M25,0)+if($R$9=true, WorldhopperAverages!M25,0))/(if(countif($R$5:$R$9,true)=0, 1, COUNTIF($R$5:$R$9,true)))),0)," (",min(if($R$5=true, StormlightMinimums!L25,100000000000),if($R$6=true, MistbornMinimums!L25,100000000000),if($R$7=true, WarbreakerMinimums!L25,100000000000),if($R$8=true, ElantrisMinimums!L25,100000000000),if($R$9=true, WorldhopperMinimums!L25,100000000000)), ,"-",max(if($R$5=true,StormlightMaximums!L25,0),if($R$6=true,MistbornMaximums!L25,0),if($R$7=true, WarbreakerMaximums!L25,0),if($R$8=true, ElantrisMaximums!L25,0),if($R$9=true, WorldhopperMaximums!L25,0)),")") -> 13 (12-14) | N13: =CONCATENATE(round(((if($R$5=true, StormlightAverages!N25,0)+if($R$6=true, MistbornAverages!N25,0)+if($R$7=true, WarbreakerAverages!N25,0)+if($R$8=true, ElantrisAverages!N25,0)+if($R$9=true, WorldhopperAverages!N25,0))/(if(countif($R$5:$R$9,true)=0, 1, COUNTIF($R$5:$R$9,true)))),0)," (",min(if($R$5=true, StormlightMinimums!M25,100000000000),if($R$6=true, MistbornMinimums!M25,100000000000),if($R$7=true, WarbreakerMinimums!M25,100000000000),if($R$8=true, ElantrisMinimums!M25,100000000000),if($R$9=true, WorldhopperMinimums!M25,100000000000)), ,"-",max(if($R$5=true,StormlightMaximums!M25,0),if($R$6=true,MistbornMaximums!M25,0),if($R$7=true, WarbreakerMaximums!M25,0),if($R$8=true, ElantrisMaximums!M25,0),if($R$9=true, WorldhopperMaximums!M25,0)),")") -> 39 (25-52) | O13: =CONCATENATE(round(((if($R$5=true, StormlightAverages!O25,0)+if($R$6=true, MistbornAverages!O25,0)+if($R$7=true, WarbreakerAverages!O25,0)+if($R$8=true, ElantrisAverages!O25,0)+if($R$9=true, WorldhopperAverages!O25,0))/(if(countif($R$5:$R$9,true)=0, 1, COUNTIF($R$5:$R$9,true)))),0)," (",min(if($R$5=true, StormlightMinimums!N25,100000000000),if($R$6=true, MistbornMinimums!N25,100000000000),if($R$7=true, WarbreakerMinimums!N25,100000000000),if($R$8=true, ElantrisMinimums!N25,100000000000),if($R$9=true, WorldhopperMinimums!N25,100000000000)), ,"-",max(if($R$5=true,StormlightMaximums!N25,0),if($R$6=true,MistbornMaximums!N25,0),if($R$7=true, WarbreakerMaximums!N25,0),if($R$8=true, ElantrisMaximums!N25,0),if($R$9=true, WorldhopperMaximums!N25,0)),")") -> 56 (29-83)

Sheet PC DPR
A2: Tier | B2: Boss HP/12 | C2: Rival HP/3 | D2: Boss Phy Def | E2: Rival Phy Def | F2: 0 | G2: 1 | H2: 2 | I2: 3 | J2: 4 | K2: 5 | L2: 6 | M2: 7 | N2: 8 | O2: 9 | P2: 10 | Q2: 11 | S2: Stormlight | T2: TRUE
A3: 1 | B3: =round((if($T$2=true,StormlightAverages!E6,0)+if($T$3=true,MistbornAverages!E6,0)+if($T$4=true,WarbreakerAverages!E6,0)+if($T$5=true,ElantrisAverages!E6,0)+if($T$6=true,WorldhopperAverages!E6,0))/(12 * COUNTIF($T$2:$T$6,true)),0) -> 5 | C3: =round((if($T$2=true,StormlightAverages!E5,0)+if($T$3=true,MistbornAverages!E5,0)+if($T$4=true,WarbreakerAverages!E5,0)+if($T$5=true,ElantrisAverages!E5,0)+if($T$6=true,WorldhopperAverages!E5,0))/(3 * COUNTIF($T$2:$T$6,true)),0) -> 7 | D3: =round((if($T$2=true,StormlightAverages!B6,0)+if($T$3=true,MistbornAverages!B6,0)+if($T$4=true,WarbreakerAverages!B6,0)+if($T$5=true,ElantrisAverages!B6,0)+if($T$6=true,WorldhopperAverages!B6,0)),0)/if(countif(T2:T6, true)=0,1,countif(T2:T6,true)) -> 15 | E3: =round((if($T$2=true,StormlightAverages!B5,0)+if($T$3=true,MistbornAverages!B5,0)+if($T$4=true,WarbreakerAverages!B5,0)+if($T$5=true,ElantrisAverages!B5,0)+if($T$6=true,WorldhopperAverages!B5,0)),0)/if(countif(T2:T6, true)=0,1,countif(T2:T6,true)) -> 14 | F3: =if(20+F2>=max($D$3,$E$3),round(average($C$3/((20-($E$3-(F2+1)))/20),$B$3/((20-($D$3-(F2+1)))/20)),0), "N/A") -> 18 | G3: =if(20+G2>=max($D$3,$E$3),round(average($C$3/((20-($E$3-(G2+1)))/20),$B$3/((20-($D$3-(G2+1)))/20)),0), "N/A") -> 16 | H3: =if(20+H2>=max($D$3,$E$3),round(average($C$3/((20-($E$3-(H2+1)))/20),$B$3/((20-($D$3-(H2+1)))/20)),0), "N/A") -> 14 | I3: =if(20+I2>=max($D$3,$E$3),round(average($C$3/((20-($E$3-(I2+1)))/20),$B$3/((20-($D$3-(I2+1)))/20)),0), "N/A") -> 13 | J3: =if(20+J2>=max($D$3,$E$3),round(average($C$3/((20-($E$3-(J2+1)))/20),$B$3/((20-($D$3-(J2+1)))/20)),0), "N/A") -> 11 | K3: =if(20+K2>=max($D$3,$E$3),round(average($C$3/((20-($E$3-(K2+1)))/20),$B$3/((20-($D$3-(K2+1)))/20)),0), "N/A") -> 10 | L3: =if(20+L2>=max($D$3,$E$3),round(average($C$3/((20-($E$3-(L2+1)))/20),$B$3/((20-($D$3-(L2+1)))/20)),0), "N/A") -> 10 | M3: =if(20+M2>=max($D$3,$E$3),round(average($C$3/((20-($E$3-(M2+1)))/20),$B$3/((20-($D$3-(M2+1)))/20)),0), "N/A") -> 9 | ... Q3: =if(20+Q2>=max($D$3,$E$3),round(average($C$3/((20-($E$3-(Q2+1)))/20),$B$3/((20-($D$3-(Q2+1)))/20)),0), "N/A") -> 7 | S3: Mistborn | T3: FALSE | U3: Nonfunctioning! Do not Edit!
A4: 2 | B4: =round((if($T$2=true,StormlightAverages!E13,0)+if($T$3=true,MistbornAverages!E13,0)+if($T$4=true,WarbreakerAverages!E13,0)+if($T$5=true,ElantrisAverages!E13,0)+if($T$6=true,WorldhopperAverages!E13,0))/(12 * COUNTIF($T$2:$T$6,true)),0) -> 11 | C4: =round((if($T$2=true,StormlightAverages!E12,0)+if($T$3=true,MistbornAverages!E12,0)+if($T$4=true,WarbreakerAverages!E12,0)+if($T$5=true,ElantrisAverages!E12,0)+if($T$6=true,WorldhopperAverages!E12,0))/(3 * COUNTIF($T$2:$T$6,true)),0) -> 13 | D4: =round((if($T$2=true,StormlightAverages!B13,0)+if($T$3=true,MistbornAverages!B13,0)+if($T$4=true,WarbreakerAverages!B13,0)+if($T$5=true,ElantrisAverages!B13,0)+if($T$6=true,WorldhopperAverages!B13,0)),0)/if(countif(T2:T6, true)=0,1,countif(T2:T6,true)) -> 19 | E4: =round((if($T$2=true,StormlightAverages!B12,0)+if($T$3=true,MistbornAverages!B12,0)+if($T$4=true,WarbreakerAverages!B12,0)+if($T$5=true,ElantrisAverages!B12,0)+if($T$6=true,WorldhopperAverages!B12,0)),0)/if(countif(T2:T6, true)=0,1,countif(T2:T6,true)) -> 16 | F4: =if(20+F2>=max($D$4,$E$4),round(average($C$4/((20-($E$4-(F2+1)))/20),$B$4/((20-($D$4-(F2+1)))/20)),0), "N/A") -> 81 | G4: =if(20+G2>=max($D$4,$E$4),round(average($C$4/((20-($E$4-(G2+1)))/20),$B$4/((20-($D$4-(G2+1)))/20)),0), "N/A") -> 58 | H4: =if(20+H2>=max($D$4,$E$4),round(average($C$4/((20-($E$4-(H2+1)))/20),$B$4/((20-($D$4-(H2+1)))/20)),0), "N/A") -> 46 | I4: =if(20+I2>=max($D$4,$E$4),round(average($C$4/((20-($E$4-(I2+1)))/20),$B$4/((20-($D$4-(I2+1)))/20)),0), "N/A") -> 38 | J4: =if(20+J2>=max($D$4,$E$4),round(average($C$4/((20-($E$4-(J2+1)))/20),$B$4/((20-($D$4-(J2+1)))/20)),0), "N/A") -> 33 | K4: =if(20+K2>=max($D$4,$E$4),round(average($C$4/((20-($E$4-(K2+1)))/20),$B$4/((20-($D$4-(K2+1)))/20)),0), "N/A") -> 29 | L4: =if(20+L2>=max($D$4,$E$4),round(average($C$4/((20-($E$4-(L2+1)))/20),$B$4/((20-($D$4-(L2+1)))/20)),0), "N/A") -> 26 | M4: =if(20+M2>=max($D$4,$E$4),round(average($C$4/((20-($E$4-(M2+1)))/20),$B$4/((20-($D$4-(M2+1)))/20)),0), "N/A") -> 23 | ... Q4: =if(20+Q2>=max($D$4,$E$4),round(average($C$4/((20-($E$4-(Q2+1)))/20),$B$4/((20-($D$4-(Q2+1)))/20)),0), "N/A") -> 17 | S4: Warbreaker | T4: FALSE
A5: 3 | B5: =round((if($T$2=true,StormlightAverages!E19,0)+if($T$3=true,MistbornAverages!E19,0)+if($T$4=true,WarbreakerAverages!E19,0)+if($T$5=true,ElantrisAverages!E19,0)+if($T$6=true,WorldhopperAverages!E19,0))/(12 * COUNTIF($T$2:$T$6,true)),0) -> 16 | C5: =round((if($T$2=true,StormlightAverages!E18,0)+if($T$3=true,MistbornAverages!E18,0)+if($T$4=true,WarbreakerAverages!E18,0)+if($T$5=true,ElantrisAverages!E18,0)+if($T$6=true,WorldhopperAverages!E18,0))/(3 * COUNTIF($T$2:$T$6,true)),0) -> 19 | D5: =round((if($T$2=true,StormlightAverages!B19,0)+if($T$3=true,MistbornAverages!B19,0)+if($T$4=true,WarbreakerAverages!B19,0)+if($T$5=true,ElantrisAverages!B19,0)+if($T$6=true,WorldhopperAverages!B19,0)),0)/if(countif(T2:T6, true)=0,1,countif(T2:T6,true)) -> 19 | E5: =round((if($T$2=true,StormlightAverages!B18,0)+if($T$3=true,MistbornAverages!B18,0)+if($T$4=true,WarbreakerAverages!B18,0)+if($T$5=true,ElantrisAverages!B18,0)+if($T$6=true,WorldhopperAverages!B18,0)),0)/if(countif(T2:T6, true)=0,1,countif(T2:T6,true)) -> 17 | F5: =if(20+F2>=max($D$5,$E$5), round(average($C$5/((20-($E$5-(F2+1)))/20),$B$5/((20-($D$5-(F2+1)))/20)),0),"N/A") -> 128 | G5: =if(20+G2>=max($D$5,$E$5), round(average($C$5/((20-($E$5-(G2+1)))/20),$B$5/((20-($D$5-(G2+1)))/20)),0),"N/A") -> 91 | H5: =if(20+H2>=max($D$5,$E$5), round(average($C$5/((20-($E$5-(H2+1)))/20),$B$5/((20-($D$5-(H2+1)))/20)),0),"N/A") -> 72 | I5: =if(20+I2>=max($D$5,$E$5), round(average($C$5/((20-($E$5-(I2+1)))/20),$B$5/((20-($D$5-(I2+1)))/20)),0),"N/A") -> 59 | J5: =if(20+J2>=max($D$5,$E$5), round(average($C$5/((20-($E$5-(J2+1)))/20),$B$5/((20-($D$5-(J2+1)))/20)),0),"N/A") -> 50 | K5: =if(20+K2>=max($D$5,$E$5), round(average($C$5/((20-($E$5-(K2+1)))/20),$B$5/((20-($D$5-(K2+1)))/20)),0),"N/A") -> 44 | L5: =if(20+L2>=max($D$5,$E$5), round(average($C$5/((20-($E$5-(L2+1)))/20),$B$5/((20-($D$5-(L2+1)))/20)),0),"N/A") -> 39 | M5: =if(20+M2>=max($D$5,$E$5), round(average($C$5/((20-($E$5-(M2+1)))/20),$B$5/((20-($D$5-(M2+1)))/20)),0),"N/A") -> 35 | ... Q5: =if(20+Q2>=max($D$5,$E$5), round(average($C$5/((20-($E$5-(Q2+1)))/20),$B$5/((20-($D$5-(Q2+1)))/20)),0),"N/A") -> 25 | S5: Elantris | T5: FALSE
A6: 4 | B6: =round((if($T$2=true,StormlightAverages!E25,0)+if($T$3=true,MistbornAverages!E25,0)+if($T$4=true,WarbreakerAverages!E25,0)+if($T$5=true,ElantrisAverages!E25,0)+if($T$6=true,WorldhopperAverages!E25,0))/(12 * COUNTIF($T$2:$T$6,true)),0) -> 18 | C6: =round((if($T$2=true,StormlightAverages!E24,0)+if($T$3=true,MistbornAverages!E24,0)+if($T$4=true,WarbreakerAverages!E24,0)+if($T$5=true,ElantrisAverages!E24,0)+if($T$6=true,WorldhopperAverages!E24,0))/(3 * COUNTIF($T$2:$T$6,true)),0) -> 19 | D6: =round((if($T$2=true,StormlightAverages!B25,0)+if($T$3=true,MistbornAverages!B25,0)+if($T$4=true,WarbreakerAverages!B25,0)+if($T$5=true,ElantrisAverages!B25,0)+if($T$6=true,WorldhopperAverages!B25,0)),0)/if(countif(T2:T6, true)=0,1,countif(T2:T6,true)) -> 21 | E6: =round((if($T$2=true,StormlightAverages!B24,0)+if($T$3=true,MistbornAverages!B24,0)+if($T$4=true,WarbreakerAverages!B24,0)+if($T$5=true,ElantrisAverages!B24,0)+if($T$6=true,WorldhopperAverages!B24,0)),0)/if(countif(T2:T6, true)=0,1,countif(T2:T6,true)) -> 16 | F6: =if(20+F2>=max($D$6:$E$6), round(average($C$6/((20-($E$6-(F2+1)))/20),$B$6/((20-($D$6-(F2+1)))/20)),0), "N/A") -> N/A | G6: =if(20+G2>=max($D$6:$E$6), round(average($C$6/((20-($E$6-(G2+1)))/20),$B$6/((20-($D$6-(G2+1)))/20)),0), "N/A") -> 212 | H6: =if(20+H2>=max($D$6:$E$6), round(average($C$6/((20-($E$6-(H2+1)))/20),$B$6/((20-($D$6-(H2+1)))/20)),0), "N/A") -> 117 | I6: =if(20+I2>=max($D$6:$E$6), round(average($C$6/((20-($E$6-(I2+1)))/20),$B$6/((20-($D$6-(I2+1)))/20)),0), "N/A") -> 84 | J6: =if(20+J2>=max($D$6:$E$6), round(average($C$6/((20-($E$6-(J2+1)))/20),$B$6/((20-($D$6-(J2+1)))/20)),0), "N/A") -> 66 | K6: =if(20+K2>=max($D$6:$E$6), round(average($C$6/((20-($E$6-(K2+1)))/20),$B$6/((20-($D$6-(K2+1)))/20)),0), "N/A") -> 55 | L6: =if(20+L2>=max($D$6:$E$6), round(average($C$6/((20-($E$6-(L2+1)))/20),$B$6/((20-($D$6-(L2+1)))/20)),0), "N/A") -> 47 | M6: =if(20+M2>=max($D$6:$E$6), round(average($C$6/((20-($E$6-(M2+1)))/20),$B$6/((20-($D$6-(M2+1)))/20)),0), "N/A") -> 42 | ... Q6: =if(20+Q2>=max($D$6:$E$6), round(average($C$6/((20-($E$6-(Q2+1)))/20),$B$6/((20-($D$6-(Q2+1)))/20)),0), "N/A") -> 28 | S6: Worldhopper | T6: FALSE

Sheet StormlightAverages
A1: Tier 1 Averages
A3: Type | B3: Physical Defense | C3: Cognitive Defense | D3: Spiritual Defense | E3: Health | F3: Focus | G3: Investiture | H3: Physical Skills | I3: Cognitive Skills | J3: Spiritual Skills | K3: Invested Skills | L3: Total Skills | M3: To Hit Bonus | N3: DPR (Fast) | O3: DPR (Slow)
A4: Minion | B4: =AVERAGEIF('StormlightTier 1'!$B:$B, "Minion", 'StormlightTier 1'!C:C) -> 13.3 | C4: =AVERAGEIF('StormlightTier 1'!$B:$B, "Minion", 'StormlightTier 1'!D:D) -> 11.7 | D4: =AVERAGEIF('StormlightTier 1'!$B:$B, "Minion", 'StormlightTier 1'!E:E) -> 12.3 | E4: =AVERAGEIF('StormlightTier 1'!$B:$B, "Minion", 'StormlightTier 1'!F:F) -> 11.3 | F4: =AVERAGEIF('StormlightTier 1'!$B:$B, "Minion", 'StormlightTier 1'!G:G) -> 3.8 | G4: =AVERAGEIF('StormlightTier 1'!$B:$B, "Minion", 'StormlightTier 1'!H:H) -> 0 | H4: =AVERAGEIF('StormlightTier 1'!$B:$B, "Minion", 'StormlightTier 1'!I:I) -> 6.7 | I4: =AVERAGEIF('StormlightTier 1'!$B:$B, "Minion", 'StormlightTier 1'!J:J) -> 1.7 | J4: =AVERAGEIF('StormlightTier 1'!$B:$B, "Minion", 'StormlightTier 1'!K:K) -> 5.5 | K4: =AVERAGEIF(StormlightIsInvested!$A:$A, "Minion", StormlightIsInvested!B:B) -> 0 | L4: =SUM(H4:K4) -> 13.9 | M4: =AVERAGEIF('StormlightTier 1'!$B:$B, "Minion", 'StormlightTier 1'!M:M) -> 2.8 | N4: =AVERAGEIF('StormlightTier 1'!$B:$B, "Minion", 'StormlightTier 1'!N:N) -> 6.7 | O4: =AVERAGEIF('StormlightTier 1'!$B:$B, "Minion", 'StormlightTier 1'!O:O) -> 6.7
A5: Rival | B5: =AVERAGEIF('StormlightTier 1'!$B:$B, "Rival", 'StormlightTier 1'!C:C) -> 14.111111 | C5: =AVERAGEIF('StormlightTier 1'!$B:$B, "Rival", 'StormlightTier 1'!D:D) -> 12.722222 | D5: =AVERAGEIF('StormlightTier 1'!$B:$B, "Rival", 'StormlightTier 1'!E:E) -> 13.777778 | E5: =AVERAGEIF('StormlightTier 1'!$B:$B, "Rival", 'StormlightTier 1'!F:F) -> 22.444444 | F5: =AVERAGEIF('StormlightTier 1'!$B:$B, "Rival", 'StormlightTier 1'!G:G) -> 3.7777778 | G5: =AVERAGEIF('StormlightTier 1'!$B:$B, "Rival", 'StormlightTier 1'!H:H) -> 0.5 | H5: =AVERAGEIF('StormlightTier 1'!$B:$B, "Rival", 'StormlightTier 1'!I:I) -> 11.777778 | I5: =AVERAGEIF('StormlightTier 1'!$B:$B, "Rival", 'StormlightTier 1'!J:J) -> 4.5 | J5: =AVERAGEIF('StormlightTier 1'!$B:$B, "Rival", 'StormlightTier 1'!K:K) -> 9.2222222 | K5: =AVERAGEIF(StormlightIsInvested!$A:$A, "Rival", StormlightIsInvested!B:B) -> 9 | L5: =SUM(H5:K5) -> 34.5 | M5: =AVERAGEIF('StormlightTier 1'!$B:$B, "Rival", 'StormlightTier 1'!M:M) -> 4.4444444 | N5: =AVERAGEIF('StormlightTier 1'!$B:$B, "Rival", 'StormlightTier 1'!N:N) -> 12.111111 | O5: =AVERAGEIF('StormlightTier 1'!$B:$B, "Rival", 'StormlightTier 1'!O:O) -> 14.888889
A6: Boss | B6: =AVERAGEIF('StormlightTier 1'!$B:$B, "Boss", 'StormlightTier 1'!C:C) -> 14.666667 | C6: =AVERAGEIF('StormlightTier 1'!$B:$B, "Boss", 'StormlightTier 1'!D:D) -> 15 | D6: =AVERAGEIF('StormlightTier 1'!$B:$B, "Boss", 'StormlightTier 1'!E:E) -> 16 | E6: =AVERAGEIF('StormlightTier 1'!$B:$B, "Boss", 'StormlightTier 1'!F:F) -> 56.666667 | F6: =AVERAGEIF('StormlightTier 1'!$B:$B, "Boss", 'StormlightTier 1'!G:G) -> 4.6666667 | G6: =AVERAGEIF('StormlightTier 1'!$B:$B, "Boss", 'StormlightTier 1'!H:H) -> 2 | H6: =AVERAGEIF('StormlightTier 1'!$B:$B, "Boss", 'StormlightTier 1'!I:I) -> 8.6666667 | I6: =AVERAGEIF('StormlightTier 1'!$B:$B, "Boss", 'StormlightTier 1'!J:J) -> 11.666667 | J6: =AVERAGEIF('StormlightTier 1'!$B:$B, "Boss", 'StormlightTier 1'!K:K) -> 17 | K6: =AVERAGEIF(StormlightIsInvested!$A:$A, "Boss", StormlightIsInvested!B:B) -> 22 | L6: =SUM(H6:K6) -> 59.333333 | M6: =AVERAGEIF('StormlightTier 1'!$B:$B, "Boss", 'StormlightTier 1'!M:M) -> 4.6666667 | N6: =AVERAGEIF('StormlightTier 1'!$B:$B, "Boss", 'StormlightTier 1'!N:N) -> 16.333333 | O6: =AVERAGEIF('StormlightTier 1'!$B:$B, "Boss", 'StormlightTier 1'!O:O) -> 24.333333
A8: Tier 2 Averages
A10: Type | B10: Physical Defense | C10: Cognitive Defense | D10: Spiritual Defense | E10: Health | F10: Focus | G10: Investiture | H10: Physical Skills | I10: Cognitive Skills | J10: Spiritual Skills | K10: Invested Skills | L10: Total Skills | M10: To Hit Bonus | N10: DPR (Fast) | O10: DPR (Slow)
A11: Minion | B11: =AVERAGEIF(StormlightTier2!$B:$B, "Minion", StormlightTier2!C:C) -> 13 | C11: =AVERAGEIF(StormlightTier2!$B:$B, "Minion", StormlightTier2!D:D) -> 13.5 | D11: =AVERAGEIF(StormlightTier2!$B:$B, "Minion", StormlightTier2!E:E) -> 16 | E11: =AVERAGEIF(StormlightTier2!$B:$B, "Minion", StormlightTier2!F:F) -> 21 | F11: =AVERAGEIF(StormlightTier2!$B:$B, "Minion", StormlightTier2!G:G) -> 3.5 | G11: =AVERAGEIF(StormlightTier2!$B:$B, "Minion", StormlightTier2!H:H) -> 2.5 | H11: =AVERAGEIF(StormlightTier2!$B:$B, "Minion", StormlightTier2!I:I) -> 16 | I11: =AVERAGEIF(StormlightTier2!$B:$B, "Minion", StormlightTier2!J:J) -> 2 | J11: =AVERAGEIF(StormlightTier2!$B:$B, "Minion", StormlightTier2!K:K) -> 19 | K11: =AVERAGEIF(StormlightIsInvested!$C:$C, "Minion", StormlightIsInvested!D:D) -> 0 | L11: =SUM(H11:K11) -> 37 | M11: =AVERAGEIF(StormlightTier2!$B:$B, "Minion", StormlightTier2!M:M) -> 5.5 | N11: =AVERAGEIF(StormlightTier2!$B:$B, "Minion", StormlightTier2!N:N) -> 8 | O11: =AVERAGEIF(StormlightTier2!$B:$B, "Minion", StormlightTier2!O:O) -> 9.5
A12: Rival | B12: =AVERAGEIF(StormlightTier2!$B:$B, "Rival", StormlightTier2!C:C) -> 15.851852 | C12: =AVERAGEIF(StormlightTier2!$B:$B, "Rival", StormlightTier2!D:D) -> 14.925926 | D12: =AVERAGEIF(StormlightTier2!$B:$B, "Rival", StormlightTier2!E:E) -> 15.333333 | E12: =AVERAGEIF(StormlightTier2!$B:$B, "Rival", StormlightTier2!F:F) -> 38.777778 | F12: =AVERAGEIF(StormlightTier2!$B:$B, "Rival", StormlightTier2!G:G) -> 4.8148148 | G12: =AVERAGEIF(StormlightTier2!$B:$B, "Rival", StormlightTier2!H:H) -> 2.8888889 | H12: =AVERAGEIF(StormlightTier2!$B:$B, "Rival", StormlightTier2!I:I) -> 16.444444 | I12: =AVERAGEIF(StormlightTier2!$B:$B, "Rival", StormlightTier2!J:J) -> 9.5185185 | J12: =AVERAGEIF(StormlightTier2!$B:$B, "Rival", StormlightTier2!K:K) -> 12.888889 | K12: =AVERAGEIF(StormlightIsInvested!$C:$C, "Rival", StormlightIsInvested!D:D) -> 8.7777778 | L12: =SUM(H12:K12) -> 47.62963 | M12: =AVERAGEIF(StormlightTier2!$B:$B, "Rival", StormlightTier2!M:M) -> 6.7037037 | N12: =AVERAGEIF(StormlightTier2!$B:$B, "Rival", StormlightTier2!N:N) -> 18.111111 | O12: =AVERAGEIF(StormlightTier2!$B:$B, "Rival", StormlightTier2!O:O) -> 24.074074
A13: Boss | B13: =AVERAGEIF(StormlightTier2!$B:$B, "Boss", StormlightTier2!C:C) -> 18.5 | C13: =AVERAGEIF(StormlightTier2!$B:$B, "Boss", StormlightTier2!D:D) -> 14.5 | D13: =AVERAGEIF(StormlightTier2!$B:$B, "Boss", StormlightTier2!E:E) -> 16 | E13: =AVERAGEIF(StormlightTier2!$B:$B, "Boss", StormlightTier2!F:F) -> 135 | F13: =AVERAGEIF(StormlightTier2!$B:$B, "Boss", StormlightTier2!G:G) -> 5 | G13: =AVERAGEIF(StormlightTier2!$B:$B, "Boss", StormlightTier2!H:H) -> 0 | H13: =AVERAGEIF(StormlightTier2!$B:$B, "Boss", StormlightTier2!I:I) -> 11 | I13: =AVERAGEIF(StormlightTier2!$B:$B, "Boss", StormlightTier2!J:J) -> 5.5 | J13: =AVERAGEIF(StormlightTier2!$B:$B, "Boss", StormlightTier2!K:K) -> 9.5 | K13: =AVERAGEIF(StormlightIsInvested!$C:$C, "Boss", StormlightIsInvested!D:D) -> 0 | L13: =SUM(H13:K13) -> 26 | M13: =AVERAGEIF(StormlightTier2!$B:$B, "Boss", StormlightTier2!M:M) -> 8 | N13: =AVERAGEIF(StormlightTier2!$B:$B, "Boss", StormlightTier2!N:N) -> 14.5 | O13: =AVERAGEIF(StormlightTier2!$B:$B, "Boss", StormlightTier2!O:O) -> 26
A15: Tier 3 Averages
A17: Type | B17: Physical Defense | C17: Cognitive Defense | D17: Spiritual Defense | E17: Health | F17: Focus | G17: Investiture | H17: Physical Skills | I17: Cognitive Skills | J17: Spiritual Skills | K17: Invested Skills | L17: Total Skills | M17: To Hit Bonus | N17: DPR (Fast) | O17: DPR (Slow)
A18: Rival | B18: =AVERAGEIF(StormlightTier3!$B:$B, "Rival", StormlightTier3!C:C) -> 16.75 | C18: =AVERAGEIF(StormlightTier3!$B:$B, "Rival", StormlightTier3!D:D) -> 17.125 | D18: =AVERAGEIF(StormlightTier3!$B:$B, "Rival", StormlightTier3!E:E) -> 17.125 | E18: =AVERAGEIF(StormlightTier3!$B:$B, "Rival", StormlightTier3!F:F) -> 56.75 | F18: =AVERAGEIF(StormlightTier3!$B:$B, "Rival", StormlightTier3!G:G) -> 6.25 | G18: =AVERAGEIF(StormlightTier3!$B:$B, "Rival", StormlightTier3!H:H) -> 3.125 | H18: =AVERAGEIF(StormlightTier3!$B:$B, "Rival", StormlightTier3!I:I) -> 20.875 | I18: =AVERAGEIF(StormlightTier3!$B:$B, "Rival", StormlightTier3!J:J) -> 17.375 | J18: =AVERAGEIF(StormlightTier3!$B:$B, "Rival", StormlightTier3!K:K) -> 22.125 | K18: =AVERAGEIF(StormlightIsInvested!$E:$E, "Rival", StormlightIsInvested!F:F) -> 11.5 | L18: =SUM(H18:K18) -> 71.875 | M18: =AVERAGEIF(StormlightTier3!$B:$B, "Rival", StormlightTier3!M:M) -> 8.25 | N18: =AVERAGEIF(StormlightTier3!$B:$B, "Rival", StormlightTier3!N:N) -> 22.125 | O18: =AVERAGEIF(StormlightTier3!$B:$B, "Rival", StormlightTier3!O:O) -> 27.375
A19: Boss | B19: =AVERAGEIF(StormlightTier3!$B:$B, "Boss", StormlightTier3!C:C) -> 18.8 | C19: =AVERAGEIF(StormlightTier3!$B:$B, "Boss", StormlightTier3!D:D) -> 18.8 | D19: =AVERAGEIF(StormlightTier3!$B:$B, "Boss", StormlightTier3!E:E) -> 16.8 | E19: =AVERAGEIF(StormlightTier3!$B:$B, "Boss", StormlightTier3!F:F) -> 195.6 | F19: =AVERAGEIF(StormlightTier3!$B:$B, "Boss", StormlightTier3!G:G) -> 8.2 | G19: =AVERAGEIF(StormlightTier3!$B:$B, "Boss", StormlightTier3!H:H) -> 4.6 | H19: =AVERAGEIF(StormlightTier3!$B:$B, "Boss", StormlightTier3!I:I) -> 16.8 | I19: =AVERAGEIF(StormlightTier3!$B:$B, "Boss", StormlightTier3!J:J) -> 17.6 | J19: =AVERAGEIF(StormlightTier3!$B:$B, "Boss", StormlightTier3!K:K) -> 13 | K19: =AVERAGEIF(StormlightIsInvested!$E:$E, "Boss", StormlightIsInvested!F:F) -> 10.666667 | L19: =SUM(H19:K19) -> 58.066667 | M19: =AVERAGEIF(StormlightTier3!$B:$B, "Boss", StormlightTier3!M:M) -> 10.4 | N19: =AVERAGEIF(StormlightTier3!$B:$B, "Boss", StormlightTier3!N:N) -> 31.8 | O19: =AVERAGEIF(StormlightTier3!$B:$B, "Boss", StormlightTier3!O:O) -> 44
A21: Tier 4 Averages
A23: Type | B23: Physical Defense | C23: Cognitive Defense | D23: Spiritual Defense | E23: Health | F23: Focus | G23: Investiture | H23: Physical Skills | I23: Cognitive Skills | J23: Spiritual Skills | K23: Invested Skills | L23: Total Skills | M23: To Hit Bonus | N23: DPR (Fast) | O23: DPR (Slow)
A24: Rival | B24: =AVERAGEIF('StormlightTier 4'!$B:$B, "Rival", 'StormlightTier 4'!C:C) -> 16.333333 | C24: =AVERAGEIF('StormlightTier 4'!$B:$B, "Rival", 'StormlightTier 4'!D:D) -> 18 | D24: =AVERAGEIF('StormlightTier 4'!$B:$B, "Rival", 'StormlightTier 4'!E:E) -> 16.666667 | E24: =AVERAGEIF('StormlightTier 4'!$B:$B, "Rival", 'StormlightTier 4'!F:F) -> 57.333333 | F24: =AVERAGEIF('StormlightTier 4'!$B:$B, "Rival", 'StormlightTier 4'!G:G) -> 5.6666667 | G24: =AVERAGEIF('StormlightTier 4'!$B:$B, "Rival", 'StormlightTier 4'!H:H) -> 6.6666667 | H24: =AVERAGEIF('StormlightTier 4'!$B:$B, "Rival", 'StormlightTier 4'!I:I) -> 22.666667 | I24: =AVERAGEIF('StormlightTier 4'!$B:$B, "Rival", 'StormlightTier 4'!J:J) -> 18.666667 | J24: =AVERAGEIF('StormlightTier 4'!$B:$B, "Rival", 'StormlightTier 4'!K:K) -> 21 | K24: =AVERAGEIF(StormlightIsInvested!$G:$G, "Rival", StormlightIsInvested!H:H) -> 18 | L24: =SUM(H24:K24) -> 80.333333 | M24: =AVERAGEIF('StormlightTier 4'!$B:$B, "Rival", 'StormlightTier 4'!M:M) -> 9 | N24: =AVERAGEIF('StormlightTier 4'!$B:$B, "Rival", 'StormlightTier 4'!N:N) -> 30 | O24: =AVERAGEIF('StormlightTier 4'!$B:$B, "Rival", 'StormlightTier 4'!O:O) -> 33.666667
A25: Boss | B25: =AVERAGEIF('StormlightTier 4'!$B:$B, "Boss", 'StormlightTier 4'!C:C) -> 21 | C25: =AVERAGEIF('StormlightTier 4'!$B:$B, "Boss", 'StormlightTier 4'!D:D) -> 19 | D25: =AVERAGEIF('StormlightTier 4'!$B:$B, "Boss", 'StormlightTier 4'!E:E) -> 18 | E25: =AVERAGEIF('StormlightTier 4'!$B:$B, "Boss", 'StormlightTier 4'!F:F) -> 215 | F25: =AVERAGEIF('StormlightTier 4'!$B:$B, "Boss", 'StormlightTier 4'!G:G) -> 10.5 | G25: =AVERAGEIF('StormlightTier 4'!$B:$B, "Boss", 'StormlightTier 4'!H:H) -> 8 | H25: =AVERAGEIF('StormlightTier 4'!$B:$B, "Boss", 'StormlightTier 4'!I:I) -> 37 | I25: =AVERAGEIF('StormlightTier 4'!$B:$B, "Boss", 'StormlightTier 4'!J:J) -> 10.5 | J25: =AVERAGEIF('StormlightTier 4'!$B:$B, "Boss", 'StormlightTier 4'!K:K) -> 23 | K25: =AVERAGEIF(StormlightIsInvested!$G:$G, "Boss", StormlightIsInvested!H:H) -> 47.5 | L25: =SUM(H25:K25) -> 118 | M25: =AVERAGEIF('StormlightTier 4'!$B:$B, "Boss", 'StormlightTier 4'!M:M) -> 13 | N25: =AVERAGEIF('StormlightTier 4'!$B:$B, "Boss", 'StormlightTier 4'!N:N) -> 38.5 | O25: =AVERAGEIF('StormlightTier 4'!$B:$B, "Boss", 'StormlightTier 4'!O:O) -> 56

Sheet MistbornAverages
A1: Tier 1 Averages
A3: Type | B3: Physical Defense | C3: Cognitive Defense | D3: Spiritual Defense | E3: Health | F3: Focus | G3: Investiture | H3: Physical Skills | I3: Cognitive Skills | J3: Spiritual Skills | K3: Invested Skills | L3: Total Skills | M3: To Hit Bonus | N3: DPR (Fast) | O3: DPR (Slow)
A4: Minion | B4: =AVERAGEIF('MistbornTier 1'!$B:$B, "Minion", 'MistbornTier 1'!C:C) -> 0 | C4: =AVERAGEIF('MistbornTier 1'!$B:$B, "Minion", 'MistbornTier 1'!D:D) -> 0 | D4: =AVERAGEIF('MistbornTier 1'!$B:$B, "Minion", 'MistbornTier 1'!E:E) -> 0 | E4: =AVERAGEIF('MistbornTier 1'!$B:$B, "Minion", 'MistbornTier 1'!F:F) -> 0 | F4: =AVERAGEIF('MistbornTier 1'!$B:$B, "Minion", 'MistbornTier 1'!G:G) -> 0 | G4: =AVERAGEIF('MistbornTier 1'!$B:$B, "Minion", 'MistbornTier 1'!H:H) -> 0 | H4: =AVERAGEIF('MistbornTier 1'!$B:$B, "Minion", 'MistbornTier 1'!I:I) -> 0 | I4: =AVERAGEIF('MistbornTier 1'!$B:$B, "Minion", 'MistbornTier 1'!J:J) -> 0 | J4: =AVERAGEIF('MistbornTier 1'!$B:$B, "Minion", 'MistbornTier 1'!K:K) -> 0 | K4: =AVERAGEIF(MistbornIsInvested!$A:$A, "Minion", MistbornIsInvested!B:B) -> 0 | L4: =SUM(H4:K4) -> 0 | M4: =AVERAGEIF('MistbornTier 1'!$B:$B, "Minion", 'MistbornTier 1'!M:M) -> 0 | N4: =AVERAGEIF('MistbornTier 1'!$B:$B, "Minion", 'MistbornTier 1'!N:N) -> 0 | O4: =AVERAGEIF('MistbornTier 1'!$B:$B, "Minion", 'MistbornTier 1'!O:O) -> 0
A5: Rival | B5: =AVERAGEIF('MistbornTier 1'!$B:$B, "Rival", 'MistbornTier 1'!C:C) -> 0 | C5: =AVERAGEIF('MistbornTier 1'!$B:$B, "Rival", 'MistbornTier 1'!D:D) -> 0 | D5: =AVERAGEIF('MistbornTier 1'!$B:$B, "Rival", 'MistbornTier 1'!E:E) -> 0 | E5: =AVERAGEIF('MistbornTier 1'!$B:$B, "Rival", 'MistbornTier 1'!F:F) -> 0 | F5: =AVERAGEIF('MistbornTier 1'!$B:$B, "Rival", 'MistbornTier 1'!G:G) -> 0 | G5: =AVERAGEIF('MistbornTier 1'!$B:$B, "Rival", 'MistbornTier 1'!H:H) -> 0 | H5: =AVERAGEIF('MistbornTier 1'!$B:$B, "Rival", 'MistbornTier 1'!I:I) -> 0 | I5: =AVERAGEIF('MistbornTier 1'!$B:$B, "Rival", 'MistbornTier 1'!J:J) -> 0 | J5: =AVERAGEIF('MistbornTier 1'!$B:$B, "Rival", 'MistbornTier 1'!K:K) -> 0 | K5: =AVERAGEIF(MistbornIsInvested!$A:$A, "Rival", MistbornIsInvested!B:B) -> 0 | L5: =SUM(H5:K5) -> 0 | M5: =AVERAGEIF('MistbornTier 1'!$B:$B, "Rival", 'MistbornTier 1'!M:M) -> 0 | N5: =AVERAGEIF('MistbornTier 1'!$B:$B, "Rival", 'MistbornTier 1'!N:N) -> 0 | O5: =AVERAGEIF('MistbornTier 1'!$B:$B, "Rival", 'MistbornTier 1'!O:O) -> 0
A6: Boss | B6: =AVERAGEIF('MistbornTier 1'!$B:$B, "Boss", 'MistbornTier 1'!C:C) -> 0 | C6: =AVERAGEIF('MistbornTier 1'!$B:$B, "Boss", 'MistbornTier 1'!D:D) -> 0 | D6: =AVERAGEIF('MistbornTier 1'!$B:$B, "Boss", 'MistbornTier 1'!E:E) -> 0 | E6: =AVERAGEIF('MistbornTier 1'!$B:$B, "Boss", 'MistbornTier 1'!F:F) -> 0 | F6: =AVERAGEIF('MistbornTier 1'!$B:$B, "Boss", 'MistbornTier 1'!G:G) -> 0 | G6: =AVERAGEIF('MistbornTier 1'!$B:$B, "Boss", 'MistbornTier 1'!H:H) -> 0 | H6: =AVERAGEIF('MistbornTier 1'!$B:$B, "Boss", 'MistbornTier 1'!I:I) -> 0 | I6: =AVERAGEIF('MistbornTier 1'!$B:$B, "Boss", 'MistbornTier 1'!J:J) -> 0 | J6: =AVERAGEIF('MistbornTier 1'!$B:$B, "Boss", 'MistbornTier 1'!K:K) -> 0 | K6: =AVERAGEIF(MistbornIsInvested!$A:$A, "Boss", MistbornIsInvested!B:B) -> 0 | L6: =SUM(H6:K6) -> 0 | M6: =AVERAGEIF('MistbornTier 1'!$B:$B, "Boss", 'MistbornTier 1'!M:M) -> 0 | N6: =AVERAGEIF('MistbornTier 1'!$B:$B, "Boss", 'MistbornTier 1'!N:N) -> 0 | O6: =AVERAGEIF('MistbornTier 1'!$B:$B, "Boss", 'MistbornTier 1'!O:O) -> 0
A8: Tier 2 Averages
A10: Type | B10: Physical Defense | C10: Cognitive Defense | D10: Spiritual Defense | E10: Health | F10: Focus | G10: Investiture | H10: Physical Skills | I10: Cognitive Skills | J10: Spiritual Skills | K10: Invested Skills | L10: Total Skills | M10: To Hit Bonus | N10: DPR (Fast) | O10: DPR (Slow)
A11: Minion | B11: =AVERAGEIF(MistbornTier2!$B:$B, "Minion", MistbornTier2!C:C) -> 0 | C11: =AVERAGEIF(MistbornTier2!$B:$B, "Minion", MistbornTier2!D:D) -> 0 | D11: =AVERAGEIF(MistbornTier2!$B:$B, "Minion", MistbornTier2!E:E) -> 0 | E11: =AVERAGEIF(MistbornTier2!$B:$B, "Minion", MistbornTier2!F:F) -> 0 | F11: =AVERAGEIF(MistbornTier2!$B:$B, "Minion", MistbornTier2!G:G) -> 0 | G11: =AVERAGEIF(MistbornTier2!$B:$B, "Minion", MistbornTier2!H:H) -> 0 | H11: =AVERAGEIF(MistbornTier2!$B:$B, "Minion", MistbornTier2!I:I) -> 0 | I11: =AVERAGEIF(MistbornTier2!$B:$B, "Minion", MistbornTier2!J:J) -> 0 | J11: =AVERAGEIF(MistbornTier2!$B:$B, "Minion", MistbornTier2!K:K) -> 0 | K11: =AVERAGEIF(MistbornIsInvested!$C:$C, "Minion", MistbornIsInvested!D:D) -> 0 | L11: =SUM(H11:K11) -> 0 | M11: =AVERAGEIF(MistbornTier2!$B:$B, "Minion", MistbornTier2!M:M) -> 0 | N11: =AVERAGEIF(MistbornTier2!$B:$B, "Minion", MistbornTier2!N:N) -> 0 | O11: =AVERAGEIF(MistbornTier2!$B:$B, "Minion", MistbornTier2!O:O) -> 0
A12: Rival | B12: =AVERAGEIF(MistbornTier2!$B:$B, "Rival", MistbornTier2!C:C) -> 16 | C12: =AVERAGEIF(MistbornTier2!$B:$B, "Rival", MistbornTier2!D:D) -> 16 | D12: =AVERAGEIF(MistbornTier2!$B:$B, "Rival", MistbornTier2!E:E) -> 14 | E12: =AVERAGEIF(MistbornTier2!$B:$B, "Rival", MistbornTier2!F:F) -> 52 | F12: =AVERAGEIF(MistbornTier2!$B:$B, "Rival", MistbornTier2!G:G) -> 6 | G12: =AVERAGEIF(MistbornTier2!$B:$B, "Rival", MistbornTier2!H:H) -> 0 | H12: =AVERAGEIF(MistbornTier2!$B:$B, "Rival", MistbornTier2!I:I) -> 14 | I12: =AVERAGEIF(MistbornTier2!$B:$B, "Rival", MistbornTier2!J:J) -> 14 | J12: =AVERAGEIF(MistbornTier2!$B:$B, "Rival", MistbornTier2!K:K) -> 10 | K12: =AVERAGEIF(MistbornIsInvested!$C:$C, "Rival", MistbornIsInvested!D:D) -> 0 | L12: =SUM(H12:K12) -> 38 | M12: =AVERAGEIF(MistbornTier2!$B:$B, "Rival", MistbornTier2!M:M) -> 7 | N12: =AVERAGEIF(MistbornTier2!$B:$B, "Rival", MistbornTier2!N:N) -> 17 | O12: =AVERAGEIF(MistbornTier2!$B:$B, "Rival", MistbornTier2!O:O) -> 37
A13: Boss | B13: =AVERAGEIF(MistbornTier2!$B:$B, "Boss", MistbornTier2!C:C) -> 0 | C13: =AVERAGEIF(MistbornTier2!$B:$B, "Boss", MistbornTier2!D:D) -> 0 | D13: =AVERAGEIF(MistbornTier2!$B:$B, "Boss", MistbornTier2!E:E) -> 0 | E13: =AVERAGEIF(MistbornTier2!$B:$B, "Boss", MistbornTier2!F:F) -> 0 | F13: =AVERAGEIF(MistbornTier2!$B:$B, "Boss", MistbornTier2!G:G) -> 0 | G13: =AVERAGEIF(MistbornTier2!$B:$B, "Boss", MistbornTier2!H:H) -> 0 | H13: =AVERAGEIF(MistbornTier2!$B:$B, "Boss", MistbornTier2!I:I) -> 0 | I13: =AVERAGEIF(MistbornTier2!$B:$B, "Boss", MistbornTier2!J:J) -> 0 | J13: =AVERAGEIF(MistbornTier2!$B:$B, "Boss", MistbornTier2!K:K) -> 0 | K13: =AVERAGEIF(MistbornIsInvested!$C:$C, "Boss", MistbornIsInvested!D:D) -> 0 | L13: =SUM(H13:K13) -> 0 | M13: =AVERAGEIF(MistbornTier2!$B:$B, "Boss", MistbornTier2!M:M) -> 0 | N13: =AVERAGEIF(MistbornTier2!$B:$B, "Boss", MistbornTier2!N:N) -> 0 | O13: =AVERAGEIF(MistbornTier2!$B:$B, "Boss", MistbornTier2!O:O) -> 0
A15: Tier 3 Averages
A17: Type | B17: Physical Defense | C17: Cognitive Defense | D17: Spiritual Defense | E17: Health | F17: Focus | G17: Investiture | H17: Physical Skills | I17: Cognitive Skills | J17: Spiritual Skills | K17: Invested Skills | L17: Total Skills | M17: To Hit Bonus | N17: DPR (Fast) | O17: DPR (Slow)
A18: Rival | B18: =AVERAGEIF(MistbornTier3!$B:$B, "Rival", MistbornTier3!C:C) -> 17 | C18: =AVERAGEIF(MistbornTier3!$B:$B, "Rival", MistbornTier3!D:D) -> 16 | D18: =AVERAGEIF(MistbornTier3!$B:$B, "Rival", MistbornTier3!E:E) -> 20 | E18: =AVERAGEIF(MistbornTier3!$B:$B, "Rival", MistbornTier3!F:F) -> 58 | F18: =AVERAGEIF(MistbornTier3!$B:$B, "Rival", MistbornTier3!G:G) -> 5 | G18: =AVERAGEIF(MistbornTier3!$B:$B, "Rival", MistbornTier3!H:H) -> 0 | H18: =AVERAGEIF(MistbornTier3!$B:$B, "Rival", MistbornTier3!I:I) -> 23 | I18: =AVERAGEIF(MistbornTier3!$B:$B, "Rival", MistbornTier3!J:J) -> 17 | J18: =AVERAGEIF(MistbornTier3!$B:$B, "Rival", MistbornTier3!K:K) -> 32 | K18: =AVERAGEIF(MistbornIsInvested!$E:$E, "Rival", MistbornIsInvested!F:F) -> 0 | L18: =SUM(H18:K18) -> 72 | M18: =AVERAGEIF(MistbornTier3!$B:$B, "Rival", MistbornTier3!M:M) -> 8 | N18: =AVERAGEIF(MistbornTier3!$B:$B, "Rival", MistbornTier3!N:N) -> 26 | O18: =AVERAGEIF(MistbornTier3!$B:$B, "Rival", MistbornTier3!O:O) -> 26
A19: Boss | B19: =AVERAGEIF(MistbornTier3!$B:$B, "Boss", MistbornTier3!C:C) -> 0 | C19: =AVERAGEIF(MistbornTier3!$B:$B, "Boss", MistbornTier3!D:D) -> 0 | D19: =AVERAGEIF(MistbornTier3!$B:$B, "Boss", MistbornTier3!E:E) -> 0 | E19: =AVERAGEIF(MistbornTier3!$B:$B, "Boss", MistbornTier3!F:F) -> 0 | F19: =AVERAGEIF(MistbornTier3!$B:$B, "Boss", MistbornTier3!G:G) -> 0 | G19: =AVERAGEIF(MistbornTier3!$B:$B, "Boss", MistbornTier3!H:H) -> 0 | H19: =AVERAGEIF(MistbornTier3!$B:$B, "Boss", MistbornTier3!I:I) -> 0 | I19: =AVERAGEIF(MistbornTier3!$B:$B, "Boss", MistbornTier3!J:J) -> 0 | J19: =AVERAGEIF(MistbornTier3!$B:$B, "Boss", MistbornTier3!K:K) -> 0 | K19: =AVERAGEIF(MistbornIsInvested!$E:$E, "Boss", MistbornIsInvested!F:F) -> 0 | L19: =SUM(H19:K19) -> 0 | M19: =AVERAGEIF(MistbornTier3!$B:$B, "Boss", MistbornTier3!M:M) -> 0 | N19: =AVERAGEIF(MistbornTier3!$B:$B, "Boss", MistbornTier3!N:N) -> 0 | O19: =AVERAGEIF(MistbornTier3!$B:$B, "Boss", MistbornTier3!O:O) -> 0
A21: Tier 4 Averages
A23: Type | B23: Physical Defense | C23: Cognitive Defense | D23: Spiritual Defense | E23: Health | F23: Focus | G23: Investiture | H23: Physical Skills | I23: Cognitive Skills | J23: Spiritual Skills | K23: Invested Skills | L23: Total Skills | M23: To Hit Bonus | N23: DPR (Fast) | O23: DPR (Slow)
A24: Rival | B24: =AVERAGEIF('MistbornTier 4'!$B:$B, "Rival", 'MistbornTier 4'!C:C) -> 0 | C24: =AVERAGEIF('MistbornTier 4'!$B:$B, "Rival", 'MistbornTier 4'!D:D) -> 0 | D24: =AVERAGEIF('MistbornTier 4'!$B:$B, "Rival", 'MistbornTier 4'!E:E) -> 0 | E24: =AVERAGEIF('MistbornTier 4'!$B:$B, "Rival", 'MistbornTier 4'!F:F) -> 0 | F24: =AVERAGEIF('MistbornTier 4'!$B:$B, "Rival", 'MistbornTier 4'!G:G) -> 0 | G24: =AVERAGEIF('MistbornTier 4'!$B:$B, "Rival", 'MistbornTier 4'!H:H) -> 0 | H24: =AVERAGEIF('MistbornTier 4'!$B:$B, "Rival", 'MistbornTier 4'!I:I) -> 0 | I24: =AVERAGEIF('MistbornTier 4'!$B:$B, "Rival", 'MistbornTier 4'!J:J) -> 0 | J24: =AVERAGEIF('MistbornTier 4'!$B:$B, "Rival", 'MistbornTier 4'!K:K) -> 0 | K24: =AVERAGEIF(MistbornIsInvested!$G:$G, "Rival", MistbornIsInvested!H:H) -> 0 | L24: =SUM(H24:K24) -> 0 | M24: =AVERAGEIF('MistbornTier 4'!$B:$B, "Rival", 'MistbornTier 4'!M:M) -> 0 | N24: =AVERAGEIF('MistbornTier 4'!$B:$B, "Rival", 'MistbornTier 4'!N:N) -> 0 | O24: =AVERAGEIF('MistbornTier 4'!$B:$B, "Rival", 'MistbornTier 4'!O:O) -> 0
A25: Boss | B25: =AVERAGEIF('MistbornTier 4'!$B:$B, "Boss", 'MistbornTier 4'!C:C) -> 0 | C25: =AVERAGEIF('MistbornTier 4'!$B:$B, "Boss", 'MistbornTier 4'!D:D) -> 0 | D25: =AVERAGEIF('MistbornTier 4'!$B:$B, "Boss", 'MistbornTier 4'!E:E) -> 0 | E25: =AVERAGEIF('MistbornTier 4'!$B:$B, "Boss", 'MistbornTier 4'!F:F) -> 0 | F25: =AVERAGEIF('MistbornTier 4'!$B:$B, "Boss", 'MistbornTier 4'!G:G) -> 0 | G25: =AVERAGEIF('MistbornTier 4'!$B:$B, "Boss", 'MistbornTier 4'!H:H) -> 0 | H25: =AVERAGEIF('MistbornTier 4'!$B:$B, "Boss", 'MistbornTier 4'!I:I) -> 0 | I25: =AVERAGEIF('MistbornTier 4'!$B:$B, "Boss", 'MistbornTier 4'!J:J) -> 0 | J25: =AVERAGEIF('MistbornTier 4'!$B:$B, "Boss", 'MistbornTier 4'!K:K) -> 0 | K25: =AVERAGEIF(MistbornIsInvested!$G:$G, "Boss", MistbornIsInvested!H:H) -> 0 | L25: =SUM(H25:K25) -> 0 | M25: =AVERAGEIF('MistbornTier 4'!$B:$B, "Boss", 'MistbornTier 4'!M:M) -> 0 | N25: =AVERAGEIF('MistbornTier 4'!$B:$B, "Boss", 'MistbornTier 4'!N:N) -> 0 | O25: =AVERAGEIF('MistbornTier 4'!$B:$B, "Boss", 'MistbornTier 4'!O:O) -> 0

Sheet StormlightTier 1
A1: Adversary Name | B1: Type | C1: Physical Defense | D1: Cognitive Defense | E1: Spiritual Defense | F1: Health | G1: Focus | H1: Investiture | I1: Physical Skills | J1: Cognitive Skills | K1: Spiritual Skills | L1: Invested Skills | M1: To Hit Bonus | N1: DPR (Fast) | O1: DPR (Slow)
A2: Archer | B2: Minion | C2: 13 | D2: 13 | E2: 13 | F2: 12 | G2: 3 | H2: 0 | I2: 10 | J2: 3 | K2: 7 | L2: 0 | M2: 3 | N2: 7 | O2: 7
A3: Axehound | B3: Minion | C3: 14 | D3: 10 | E3: 13 | F3: 12 | G3: 2 | H3: 0 | I3: 11 | J3: 0 | K3: 9 | L3: 0 | M3: 4 | N3: 6 | O3: 6
A4: Bandit | B4: Minion | C4: 12 | D4: 11 | E4: 13 | F4: 11 | G4: 2 | H4: 0 | I4: 8 | J4: 4 | K4: 6 | L4: 0 | M4: 2 | N4: 5 | O4: 5
A5: Chull | B5: Rival | C5: 14 | D5: 11 | E5: 13 | F5: 30 | G5: 3 | H5: 0 | I5: 6 | J5: 0 | K5: 5 | L5: 0 | M5: 4 | N5: 9 | O5: 9
A6: Commoner | B6: Minion | C6: 11 | D6: 12 | E6: 11 | F6: 10 | G6: 2 | H6: 0 | I6: 1 | J6: 2 | K6: 4 | L6: 0 | M6: 1 | N6: 3 | O6: 3
A7: Cremling Swarm | B7: Rival | C7: 14 | D7: 13 | E7: 13 | F7: 22 | G7: 4 | H7: 0 | I7: 5 | J7: 0 | K7: 0 | L7: 0 | M7: 5 | N7: 10 | O7: 10
A8: Crime Boss | B8: Boss | C8: 15 | D8: 17 | E8: 16 | F8: 50 | G8: 6 | H8: 0 | I8: 11 | J8: 20 | K8: 25 | L8: 0 | M8: 6 | N8: 15 | O8: 15
A9: Expert | B9: Rival | C9: 12 | D9: 13 | E9: 13 | F9: 18 | G9: 4 | H9: 0 | I9: 6 | J9: 4 | K9: 13 | L9: 0 | M9: 1 | N9: 3 | O9: 3
A10: Eyes of Pala Agent | B10: Rival | C10: 14 | D10: 13 | E10: 15 | F10: 25 | G10: 4 | H10: 0 | I10: 12 | J10: 4 | K10: 10 | L10: 0 | M10: 4 | N10: 10 | O10: 10
A11: Ghostblood Spy | B11: Rival | C11: 14 | D11: 14 | E11: 13 | F11: 21 | G11: 4 | H11: 0 | I11: 17 | J11: 7 | K11: 12 | L11: 0 | M11: 6 | N11: 15 | O11: 23
A12: Greater Skyeel | B12: Rival | C12: 16 | D12: 11 | E12: 13 | F12: 24 | G12: 3 | H12: 0 | I12: 12 | J12: 0 | K12: 9 | L12: 0 | M12: 5 | N12: 13 | O12: 23
A13: Guard | B13: Rival | C13: 14 | D13: 13 | E13: 14 | F13: 24 | G13: 4 | H13: 0 | I13: 10 | J13: 8 | K13: 9 | L13: 0 | M13: 5 | N13: 14 | O13: 23
... A32: Zealot | B32: Minion | C32: 14 | D32: 13 | E32: 13 | F32: 12 | G32: 4 | H32: 0 | I32: 7 | J32: 3 | K32: 6 | L32: 0 | M32: 4 | N32: 12 | O32: 12

Sheet WarbreakerAverages
A1: Tier 1 Averages
A3: Type | B3: Physical Defense | C3: Cognitive Defense | D3: Spiritual Defense | E3: Health | F3: Focus | G3: Investiture | H3: Physical Skills | I3: Cognitive Skills | J3: Spiritual Skills | K3: Invested Skills | L3: Total Skills | M3: To Hit Bonus | N3: DPR (Fast) | O3: DPR (Slow)
A4: Minion | B4: =AVERAGEIF('WarbreakerTier 1'!$B:$B, "Minion", 'WarbreakerTier 1'!C:C) -> 0 | C4: =AVERAGEIF('WarbreakerTier 1'!$B:$B, "Minion", 'WarbreakerTier 1'!D:D) -> 0 | D4: =AVERAGEIF('WarbreakerTier 1'!$B:$B, "Minion", 'WarbreakerTier 1'!E:E) -> 0 | E4: =AVERAGEIF('WarbreakerTier 1'!$B:$B, "Minion", 'WarbreakerTier 1'!F:F) -> 0 | F4: =AVERAGEIF('WarbreakerTier 1'!$B:$B, "Minion", 'WarbreakerTier 1'!G:G) -> 0 | G4: =AVERAGEIF('WarbreakerTier 1'!$B:$B, "Minion", 'WarbreakerTier 1'!H:H) -> 0 | H4: =AVERAGEIF('WarbreakerTier 1'!$B:$B, "Minion", 'WarbreakerTier 1'!I:I) -> 0 | I4: =AVERAGEIF('WarbreakerTier 1'!$B:$B, "Minion", 'WarbreakerTier 1'!J:J) -> 0 | J4: =AVERAGEIF('WarbreakerTier 1'!$B:$B, "Minion", 'WarbreakerTier 1'!K:K) -> 0 | K4: =AVERAGEIF(WarbreakerIsInvested!$A:$A, "Minion", WarbreakerIsInvested!B:B) -> 0 | L4: =SUM(H4:K4) -> 0 | M4: =AVERAGEIF('WarbreakerTier 1'!$B:$B, "Minion", 'WarbreakerTier 1'!M:M) -> 0 | N4: =AVERAGEIF('WarbreakerTier 1'!$B:$B, "Minion", 'WarbreakerTier 1'!N:N) -> 0 | O4: =AVERAGEIF('WarbreakerTier 1'!$B:$B, "Minion", 'WarbreakerTier 1'!O:O) -> 0
A5: Rival | B5: =AVERAGEIF('WarbreakerTier 1'!$B:$B, "Rival", 'WarbreakerTier 1'!C:C) -> 0 | C5: =AVERAGEIF('WarbreakerTier 1'!$B:$B, "Rival", 'WarbreakerTier 1'!D:D) -> 0 | D5: =AVERAGEIF('WarbreakerTier 1'!$B:$B, "Rival", 'WarbreakerTier 1'!E:E) -> 0 | E5: =AVERAGEIF('WarbreakerTier 1'!$B:$B, "Rival", 'WarbreakerTier 1'!F:F) -> 0 | F5: =AVERAGEIF('WarbreakerTier 1'!$B:$B, "Rival", 'WarbreakerTier 1'!G:G) -> 0 | G5: =AVERAGEIF('WarbreakerTier 1'!$B:$B, "Rival", 'WarbreakerTier 1'!H:H) -> 0 | H5: =AVERAGEIF('WarbreakerTier 1'!$B:$B, "Rival", 'WarbreakerTier 1'!I:I) -> 0 | I5: =AVERAGEIF('WarbreakerTier 1'!$B:$B, "Rival", 'WarbreakerTier 1'!J:J) -> 0 | J5: =AVERAGEIF('WarbreakerTier 1'!$B:$B, "Rival", 'WarbreakerTier 1'!K:K) -> 0 | K5: =AVERAGEIF(WarbreakerIsInvested!$A:$A, "Rival", WarbreakerIsInvested!B:B) -> 0 | L5: =SUM(H5:K5) -> 0 | M5: =AVERAGEIF('WarbreakerTier 1'!$B:$B, "Rival", 'WarbreakerTier 1'!M:M) -> 0 | N5: =AVERAGEIF('WarbreakerTier 1'!$B:$B, "Rival", 'WarbreakerTier 1'!N:N) -> 0 | O5: =AVERAGEIF('WarbreakerTier 1'!$B:$B, "Rival", 'WarbreakerTier 1'!O:O) -> 0
A6: Boss | B6: =AVERAGEIF('WarbreakerTier 1'!$B:$B, "Boss", 'WarbreakerTier 1'!C:C) -> 0 | C6: =AVERAGEIF('WarbreakerTier 1'!$B:$B, "Boss", 'WarbreakerTier 1'!D:D) -> 0 | D6: =AVERAGEIF('WarbreakerTier 1'!$B:$B, "Boss", 'WarbreakerTier 1'!E:E) -> 0 | E6: =AVERAGEIF('WarbreakerTier 1'!$B:$B, "Boss", 'WarbreakerTier 1'!F:F) -> 0 | F6: =AVERAGEIF('WarbreakerTier 1'!$B:$B, "Boss", 'WarbreakerTier 1'!G:G) -> 0 | G6: =AVERAGEIF('WarbreakerTier 1'!$B:$B, "Boss", 'WarbreakerTier 1'!H:H) -> 0 | H6: =AVERAGEIF('WarbreakerTier 1'!$B:$B, "Boss", 'WarbreakerTier 1'!I:I) -> 0 | I6: =AVERAGEIF('WarbreakerTier 1'!$B:$B, "Boss", 'WarbreakerTier 1'!J:J) -> 0 | J6: =AVERAGEIF('WarbreakerTier 1'!$B:$B, "Boss", 'WarbreakerTier 1'!K:K) -> 0 | K6: =AVERAGEIF(WarbreakerIsInvested!$A:$A, "Boss", WarbreakerIsInvested!B:B) -> 0 | L6: =SUM(H6:K6) -> 0 | M6: =AVERAGEIF('WarbreakerTier 1'!$B:$B, "Boss", 'WarbreakerTier 1'!M:M) -> 0 | N6: =AVERAGEIF('WarbreakerTier 1'!$B:$B, "Boss", 'WarbreakerTier 1'!N:N) -> 0 | O6: =AVERAGEIF('WarbreakerTier 1'!$B:$B, "Boss", 'WarbreakerTier 1'!O:O) -> 0
A8: Tier 2 Averages
A10: Type | B10: Physical Defense | C10: Cognitive Defense | D10: Spiritual Defense | E10: Health | F10: Focus | G10: Investiture | H10: Physical Skills | I10: Cognitive Skills | J10: Spiritual Skills | K10: Invested Skills | L10: Total Skills | M10: To Hit Bonus | N10: DPR (Fast) | O10: DPR (Slow)
A11: Minion | B11: =AVERAGEIF(WarbreakerTier2!$B:$B, "Minion", WarbreakerTier2!C:C) -> 0 | C11: =AVERAGEIF(WarbreakerTier2!$B:$B, "Minion", WarbreakerTier2!D:D) -> 0 | D11: =AVERAGEIF(WarbreakerTier2!$B:$B, "Minion", WarbreakerTier2!E:E) -> 0 | E11: =AVERAGEIF(WarbreakerTier2!$B:$B, "Minion", WarbreakerTier2!F:F) -> 0 | F11: =AVERAGEIF(WarbreakerTier2!$B:$B, "Minion", WarbreakerTier2!G:G) -> 0 | G11: =AVERAGEIF(WarbreakerTier2!$B:$B, "Minion", WarbreakerTier2!H:H) -> 0 | H11: =AVERAGEIF(WarbreakerTier2!$B:$B, "Minion", WarbreakerTier2!I:I) -> 0 | I11: =AVERAGEIF(WarbreakerTier2!$B:$B, "Minion", WarbreakerTier2!J:J) -> 0 | J11: =AVERAGEIF(WarbreakerTier2!$B:$B, "Minion", WarbreakerTier2!K:K) -> 0 | K11: =AVERAGEIF(WarbreakerIsInvested!$C:$C, "Minion", WarbreakerIsInvested!D:D) -> 0 | L11: =SUM(H11:K11) -> 0 | M11: =AVERAGEIF(WarbreakerTier2!$B:$B, "Minion", WarbreakerTier2!M:M) -> 0 | N11: =AVERAGEIF(WarbreakerTier2!$B:$B, "Minion", WarbreakerTier2!N:N) -> 0 | O11: =AVERAGEIF(WarbreakerTier2!$B:$B, "Minion", WarbreakerTier2!O:O) -> 0
A12: Rival | B12: =AVERAGEIF(WarbreakerTier2!$B:$B, "Rival", WarbreakerTier2!C:C) -> 0 | C12: =AVERAGEIF(WarbreakerTier2!$B:$B, "Rival", WarbreakerTier2!D:D) -> 0 | D12: =AVERAGEIF(WarbreakerTier2!$B:$B, "Rival", WarbreakerTier2!E:E) -> 0 | E12: =AVERAGEIF(WarbreakerTier2!$B:$B, "Rival", WarbreakerTier2!F:F) -> 0 | F12: =AVERAGEIF(WarbreakerTier2!$B:$B, "Rival", WarbreakerTier2!G:G) -> 0 | G12: =AVERAGEIF(WarbreakerTier2!$B:$B, "Rival", WarbreakerTier2!H:H) -> 0 | H12: =AVERAGEIF(WarbreakerTier2!$B:$B, "Rival", WarbreakerTier2!I:I) -> 0 | I12: =AVERAGEIF(WarbreakerTier2!$B:$B, "Rival", WarbreakerTier2!J:J) -> 0 | J12: =AVERAGEIF(WarbreakerTier2!$B:$B, "Rival", WarbreakerTier2!K:K) -> 0 | K12: =AVERAGEIF(WarbreakerIsInvested!$C:$C, "Rival", WarbreakerIsInvested!D:D) -> 0 | L12: =SUM(H12:K12) -> 0 | M12: =AVERAGEIF(WarbreakerTier2!$B:$B, "Rival", WarbreakerTier2!M:M) -> 0 | N12: =AVERAGEIF(WarbreakerTier2!$B:$B, "Rival", WarbreakerTier2!N:N) -> 0 | O12: =AVERAGEIF(WarbreakerTier2!$B:$B, "Rival", WarbreakerTier2!O:O) -> 0
A13: Boss | B13: =AVERAGEIF(WarbreakerTier2!$B:$B, "Boss", WarbreakerTier2!C:C) -> 0 | C13: =AVERAGEIF(WarbreakerTier2!$B:$B, "Boss", WarbreakerTier2!D:D) -> 0 | D13: =AVERAGEIF(WarbreakerTier2!$B:$B, "Boss", WarbreakerTier2!E:E) -> 0 | E13: =AVERAGEIF(WarbreakerTier2!$B:$B, "Boss", WarbreakerTier2!F:F) -> 0 | F13: =AVERAGEIF(WarbreakerTier2!$B:$B, "Boss", WarbreakerTier2!G:G) -> 0 | G13: =AVERAGEIF(WarbreakerTier2!$B:$B, "Boss", WarbreakerTier2!H:H) -> 0 | H13: =AVERAGEIF(WarbreakerTier2!$B:$B, "Boss", WarbreakerTier2!I:I) -> 0 | I13: =AVERAGEIF(WarbreakerTier2!$B:$B, "Boss", WarbreakerTier2!J:J) -> 0 | J13: =AVERAGEIF(WarbreakerTier2!$B:$B, "Boss", WarbreakerTier2!K:K) -> 0 | K13: =AVERAGEIF(WarbreakerIsInvested!$C:$C, "Boss", WarbreakerIsInvested!D:D) -> 0 | L13: =SUM(H13:K13) -> 0 | M13: =AVERAGEIF(WarbreakerTier2!$B:$B, "Boss", WarbreakerTier2!M:M) -> 0 | N13: =AVERAGEIF(WarbreakerTier2!$B:$B, "Boss", WarbreakerTier2!N:N) -> 0 | O13: =AVERAGEIF(WarbreakerTier2!$B:$B, "Boss", WarbreakerTier2!O:O) -> 0
A15: Tier 3 Averages
A17: Type | B17: Physical Defense | C17: Cognitive Defense | D17: Spiritual Defense | E17: Health | F17: Focus | G17: Investiture | H17: Physical Skills | I17: Cognitive Skills | J17: Spiritual Skills | K17: Invested Skills | L17: Total Skills | M17: To Hit Bonus | N17: DPR (Fast) | O17: DPR (Slow)
A18: Rival | B18: =AVERAGEIF(WarbreakerTier3!$B:$B, "Rival", WarbreakerTier3!C:C) -> 0 | C18: =AVERAGEIF(WarbreakerTier3!$B:$B, "Rival", WarbreakerTier3!D:D) -> 0 | D18: =AVERAGEIF(WarbreakerTier3!$B:$B, "Rival", WarbreakerTier3!E:E) -> 0 | E18: =AVERAGEIF(WarbreakerTier3!$B:$B, "Rival", WarbreakerTier3!F:F) -> 0 | F18: =AVERAGEIF(WarbreakerTier3!$B:$B, "Rival", WarbreakerTier3!G:G) -> 0 | G18: =AVERAGEIF(WarbreakerTier3!$B:$B, "Rival", WarbreakerTier3!H:H) -> 0 | H18: =AVERAGEIF(WarbreakerTier3!$B:$B, "Rival", WarbreakerTier3!I:I) -> 0 | I18: =AVERAGEIF(WarbreakerTier3!$B:$B, "Rival", WarbreakerTier3!J:J) -> 0 | J18: =AVERAGEIF(WarbreakerTier3!$B:$B, "Rival", WarbreakerTier3!K:K) -> 0 | K18: =AVERAGEIF(WarbreakerIsInvested!$E:$E, "Rival", WarbreakerIsInvested!F:F) -> 0 | L18: =SUM(H18:K18) -> 0 | M18: =AVERAGEIF(WarbreakerTier3!$B:$B, "Rival", WarbreakerTier3!M:M) -> 0 | N18: =AVERAGEIF(WarbreakerTier3!$B:$B, "Rival", WarbreakerTier3!N:N) -> 0 | O18: =AVERAGEIF(WarbreakerTier3!$B:$B, "Rival", WarbreakerTier3!O:O) -> 0
A19: Boss | B19: =AVERAGEIF(WarbreakerTier3!$B:$B, "Boss", WarbreakerTier3!C:C) -> 0 | C19: =AVERAGEIF(WarbreakerTier3!$B:$B, "Boss", WarbreakerTier3!D:D) -> 0 | D19: =AVERAGEIF(WarbreakerTier3!$B:$B, "Boss", WarbreakerTier3!E:E) -> 0 | E19: =AVERAGEIF(WarbreakerTier3!$B:$B, "Boss", WarbreakerTier3!F:F) -> 0 | F19: =AVERAGEIF(WarbreakerTier3!$B:$B, "Boss", WarbreakerTier3!G:G) -> 0 | G19: =AVERAGEIF(WarbreakerTier3!$B:$B, "Boss", WarbreakerTier3!H:H) -> 0 | H19: =AVERAGEIF(WarbreakerTier3!$B:$B, "Boss", WarbreakerTier3!I:I) -> 0 | I19: =AVERAGEIF(WarbreakerTier3!$B:$B, "Boss", WarbreakerTier3!J:J) -> 0 | J19: =AVERAGEIF(WarbreakerTier3!$B:$B, "Boss", WarbreakerTier3!K:K) -> 0 | K19: =AVERAGEIF(WarbreakerIsInvested!$E:$E, "Boss", WarbreakerIsInvested!F:F) -> 0 | L19: =SUM(H19:K19) -> 0 | M19: =AVERAGEIF(WarbreakerTier3!$B:$B, "Boss", WarbreakerTier3!M:M) -> 0 | N19: =AVERAGEIF(WarbreakerTier3!$B:$B, "Boss", WarbreakerTier3!N:N) -> 0 | O19: =AVERAGEIF(WarbreakerTier3!$B:$B, "Boss", WarbreakerTier3!O:O) -> 0
A21: Tier 4 Averages
A23: Type | B23: Physical Defense | C23: Cognitive Defense | D23: Spiritual Defense | E23: Health | F23: Focus | G23: Investiture | H23: Physical Skills | I23: Cognitive Skills | J23: Spiritual Skills | K23: Invested Skills | L23: Total Skills | M23: To Hit Bonus | N23: DPR (Fast) | O23: DPR (Slow)
A24: Rival | B24: =AVERAGEIF('WarbreakerTier 4'!$B:$B, "Rival", 'WarbreakerTier 4'!C:C) -> 0 | C24: =AVERAGEIF('WarbreakerTier 4'!$B:$B, "Rival", 'WarbreakerTier 4'!D:D) -> 0 | D24: =AVERAGEIF('WarbreakerTier 4'!$B:$B, "Rival", 'WarbreakerTier 4'!E:E) -> 0 | E24: =AVERAGEIF('WarbreakerTier 4'!$B:$B, "Rival", 'WarbreakerTier 4'!F:F) -> 0 | F24: =AVERAGEIF('WarbreakerTier 4'!$B:$B, "Rival", 'WarbreakerTier 4'!G:G) -> 0 | G24: =AVERAGEIF('WarbreakerTier 4'!$B:$B, "Rival", 'WarbreakerTier 4'!H:H) -> 0 | H24: =AVERAGEIF('WarbreakerTier 4'!$B:$B, "Rival", 'WarbreakerTier 4'!I:I) -> 0 | I24: =AVERAGEIF('WarbreakerTier 4'!$B:$B, "Rival", 'WarbreakerTier 4'!J:J) -> 0 | J24: =AVERAGEIF('WarbreakerTier 4'!$B:$B, "Rival", 'WarbreakerTier 4'!K:K) -> 0 | K24: =AVERAGEIF(WarbreakerIsInvested!$G:$G, "Rival", WarbreakerIsInvested!H:H) -> 0 | L24: =SUM(H24:K24) -> 0 | M24: =AVERAGEIF('WarbreakerTier 4'!$B:$B, "Rival", 'WarbreakerTier 4'!M:M) -> 0 | N24: =AVERAGEIF('WarbreakerTier 4'!$B:$B, "Rival", 'WarbreakerTier 4'!N:N) -> 0 | O24: =AVERAGEIF('WarbreakerTier 4'!$B:$B, "Rival", 'WarbreakerTier 4'!O:O) -> 0
A25: Boss | B25: =AVERAGEIF('WarbreakerTier 4'!$B:$B, "Boss", 'WarbreakerTier 4'!C:C) -> 0 | C25: =AVERAGEIF('WarbreakerTier 4'!$B:$B, "Boss", 'WarbreakerTier 4'!D:D) -> 0 | D25: =AVERAGEIF('WarbreakerTier 4'!$B:$B, "Boss", 'WarbreakerTier 4'!E:E) -> 0 | E25: =AVERAGEIF('WarbreakerTier 4'!$B:$B, "Boss", 'WarbreakerTier 4'!F:F) -> 0 | F25: =AVERAGEIF('WarbreakerTier 4'!$B:$B, "Boss", 'WarbreakerTier 4'!G:G) -> 0 | G25: =AVERAGEIF('WarbreakerTier 4'!$B:$B, "Boss", 'WarbreakerTier 4'!H:H) -> 0 | H25: =AVERAGEIF('WarbreakerTier 4'!$B:$B, "Boss", 'WarbreakerTier 4'!I:I) -> 0 | I25: =AVERAGEIF('WarbreakerTier 4'!$B:$B, "Boss", 'WarbreakerTier 4'!J:J) -> 0 | J25: =AVERAGEIF('WarbreakerTier 4'!$B:$B, "Boss", 'WarbreakerTier 4'!K:K) -> 0 | K25: =AVERAGEIF(WarbreakerIsInvested!$G:$G, "Boss", WarbreakerIsInvested!H:H) -> 0 | L25: =SUM(H25:K25) -> 0 | M25: =AVERAGEIF('WarbreakerTier 4'!$B:$B, "Boss", 'WarbreakerTier 4'!M:M) -> 0 | N25: =AVERAGEIF('WarbreakerTier 4'!$B:$B, "Boss", 'WarbreakerTier 4'!N:N) -> 0 | O25: =AVERAGEIF('WarbreakerTier 4'!$B:$B, "Boss", 'WarbreakerTier 4'!O:O) -> 0

Sheet ElantrisAverages
A1: Tier 1 Averages
A3: Type | B3: Physical Defense | C3: Cognitive Defense | D3: Spiritual Defense | E3: Health | F3: Focus | G3: Investiture | H3: Physical Skills | I3: Cognitive Skills | J3: Spiritual Skills | K3: Invested Skills | L3: Total Skills | M3: To Hit Bonus | N3: DPR (Fast) | O3: DPR (Slow)
A4: Minion | B4: =AVERAGEIF('ElantrisTier 1'!$B:$B, "Minion", 'ElantrisTier 1'!C:C) -> 0 | C4: =AVERAGEIF('ElantrisTier 1'!$B:$B, "Minion", 'ElantrisTier 1'!D:D) -> 0 | D4: =AVERAGEIF('ElantrisTier 1'!$B:$B, "Minion", 'ElantrisTier 1'!E:E) -> 0 | E4: =AVERAGEIF('ElantrisTier 1'!$B:$B, "Minion", 'ElantrisTier 1'!F:F) -> 0 | F4: =AVERAGEIF('ElantrisTier 1'!$B:$B, "Minion", 'ElantrisTier 1'!G:G) -> 0 | G4: =AVERAGEIF('ElantrisTier 1'!$B:$B, "Minion", 'ElantrisTier 1'!H:H) -> 0 | H4: =AVERAGEIF('ElantrisTier 1'!$B:$B, "Minion", 'ElantrisTier 1'!I:I) -> 0 | I4: =AVERAGEIF('ElantrisTier 1'!$B:$B, "Minion", 'ElantrisTier 1'!J:J) -> 0 | J4: =AVERAGEIF('ElantrisTier 1'!$B:$B, "Minion", 'ElantrisTier 1'!K:K) -> 0 | K4: =AVERAGEIF(ElantrisIsInvested!$A:$A, "Minion", ElantrisIsInvested!B:B) -> 0 | L4: =SUM(H4:K4) -> 0 | M4: =AVERAGEIF('ElantrisTier 1'!$B:$B, "Minion", 'ElantrisTier 1'!M:M) -> 0 | N4: =AVERAGEIF('ElantrisTier 1'!$B:$B, "Minion", 'ElantrisTier 1'!N:N) -> 0 | O4: =AVERAGEIF('ElantrisTier 1'!$B:$B, "Minion", 'ElantrisTier 1'!O:O) -> 0
A5: Rival | B5: =AVERAGEIF('ElantrisTier 1'!$B:$B, "Rival", 'ElantrisTier 1'!C:C) -> 0 | C5: =AVERAGEIF('ElantrisTier 1'!$B:$B, "Rival", 'ElantrisTier 1'!D:D) -> 0 | D5: =AVERAGEIF('ElantrisTier 1'!$B:$B, "Rival", 'ElantrisTier 1'!E:E) -> 0 | E5: =AVERAGEIF('ElantrisTier 1'!$B:$B, "Rival", 'ElantrisTier 1'!F:F) -> 0 | F5: =AVERAGEIF('ElantrisTier 1'!$B:$B, "Rival", 'ElantrisTier 1'!G:G) -> 0 | G5: =AVERAGEIF('ElantrisTier 1'!$B:$B, "Rival", 'ElantrisTier 1'!H:H) -> 0 | H5: =AVERAGEIF('ElantrisTier 1'!$B:$B, "Rival", 'ElantrisTier 1'!I:I) -> 0 | I5: =AVERAGEIF('ElantrisTier 1'!$B:$B, "Rival", 'ElantrisTier 1'!J:J) -> 0 | J5: =AVERAGEIF('ElantrisTier 1'!$B:$B, "Rival", 'ElantrisTier 1'!K:K) -> 0 | K5: =AVERAGEIF(ElantrisIsInvested!$A:$A, "Rival", ElantrisIsInvested!B:B) -> 0 | L5: =SUM(H5:K5) -> 0 | M5: =AVERAGEIF('ElantrisTier 1'!$B:$B, "Rival", 'ElantrisTier 1'!M:M) -> 0 | N5: =AVERAGEIF('ElantrisTier 1'!$B:$B, "Rival", 'ElantrisTier 1'!N:N) -> 0 | O5: =AVERAGEIF('ElantrisTier 1'!$B:$B, "Rival", 'ElantrisTier 1'!O:O) -> 0
A6: Boss | B6: =AVERAGEIF('ElantrisTier 1'!$B:$B, "Boss", 'ElantrisTier 1'!C:C) -> 0 | C6: =AVERAGEIF('ElantrisTier 1'!$B:$B, "Boss", 'ElantrisTier 1'!D:D) -> 0 | D6: =AVERAGEIF('ElantrisTier 1'!$B:$B, "Boss", 'ElantrisTier 1'!E:E) -> 0 | E6: =AVERAGEIF('ElantrisTier 1'!$B:$B, "Boss", 'ElantrisTier 1'!F:F) -> 0 | F6: =AVERAGEIF('ElantrisTier 1'!$B:$B, "Boss", 'ElantrisTier 1'!G:G) -> 0 | G6: =AVERAGEIF('ElantrisTier 1'!$B:$B, "Boss", 'ElantrisTier 1'!H:H) -> 0 | H6: =AVERAGEIF('ElantrisTier 1'!$B:$B, "Boss", 'ElantrisTier 1'!I:I) -> 0 | I6: =AVERAGEIF('ElantrisTier 1'!$B:$B, "Boss", 'ElantrisTier 1'!J:J) -> 0 | J6: =AVERAGEIF('ElantrisTier 1'!$B:$B, "Boss", 'ElantrisTier 1'!K:K) -> 0 | K6: =AVERAGEIF(ElantrisIsInvested!$A:$A, "Boss", ElantrisIsInvested!B:B) -> 0 | L6: =SUM(H6:K6) -> 0 | M6: =AVERAGEIF('ElantrisTier 1'!$B:$B, "Boss", 'ElantrisTier 1'!M:M) -> 0 | N6: =AVERAGEIF('ElantrisTier 1'!$B:$B, "Boss", 'ElantrisTier 1'!N:N) -> 0 | O6: =AVERAGEIF('ElantrisTier 1'!$B:$B, "Boss", 'ElantrisTier 1'!O:O) -> 0
A8: Tier 2 Averages
A10: Type | B10: Physical Defense | C10: Cognitive Defense | D10: Spiritual Defense | E10: Health | F10: Focus | G10: Investiture | H10: Physical Skills | I10: Cognitive Skills | J10: Spiritual Skills | K10: Invested Skills | L10: Total Skills | M10: To Hit Bonus | N10: DPR (Fast) | O10: DPR (Slow)
A11: Minion | B11: =AVERAGEIF(ElantrisTier2!$B:$B, "Minion", ElantrisTier2!C:C) -> 0 | C11: =AVERAGEIF(ElantrisTier2!$B:$B, "Minion", ElantrisTier2!D:D) -> 0 | D11: =AVERAGEIF(ElantrisTier2!$B:$B, "Minion", ElantrisTier2!E:E) -> 0 | E11: =AVERAGEIF(ElantrisTier2!$B:$B, "Minion", ElantrisTier2!F:F) -> 0 | F11: =AVERAGEIF(ElantrisTier2!$B:$B, "Minion", ElantrisTier2!G:G) -> 0 | G11: =AVERAGEIF(ElantrisTier2!$B:$B, "Minion", ElantrisTier2!H:H) -> 0 | H11: =AVERAGEIF(ElantrisTier2!$B:$B, "Minion", ElantrisTier2!I:I) -> 0 | I11: =AVERAGEIF(ElantrisTier2!$B:$B, "Minion", ElantrisTier2!J:J) -> 0 | J11: =AVERAGEIF(ElantrisTier2!$B:$B, "Minion", ElantrisTier2!K:K) -> 0 | K11: =AVERAGEIF(ElantrisIsInvested!$C:$C, "Minion", ElantrisIsInvested!D:D) -> 0 | L11: =SUM(H11:K11) -> 0 | M11: =AVERAGEIF(ElantrisTier2!$B:$B, "Minion", ElantrisTier2!M:M) -> 0 | N11: =AVERAGEIF(ElantrisTier2!$B:$B, "Minion", ElantrisTier2!N:N) -> 0 | O11: =AVERAGEIF(ElantrisTier2!$B:$B, "Minion", ElantrisTier2!O:O) -> 0
A12: Rival | B12: =AVERAGEIF(ElantrisTier2!$B:$B, "Rival", ElantrisTier2!C:C) -> 0 | C12: =AVERAGEIF(ElantrisTier2!$B:$B, "Rival", ElantrisTier2!D:D) -> 0 | D12: =AVERAGEIF(ElantrisTier2!$B:$B, "Rival", ElantrisTier2!E:E) -> 0 | E12: =AVERAGEIF(ElantrisTier2!$B:$B, "Rival", ElantrisTier2!F:F) -> 0 | F12: =AVERAGEIF(ElantrisTier2!$B:$B, "Rival", ElantrisTier2!G:G) -> 0 | G12: =AVERAGEIF(ElantrisTier2!$B:$B, "Rival", ElantrisTier2!H:H) -> 0 | H12: =AVERAGEIF(ElantrisTier2!$B:$B, "Rival", ElantrisTier2!I:I) -> 0 | I12: =AVERAGEIF(ElantrisTier2!$B:$B, "Rival", ElantrisTier2!J:J) -> 0 | J12: =AVERAGEIF(ElantrisTier2!$B:$B, "Rival", ElantrisTier2!K:K) -> 0 | K12: =AVERAGEIF(ElantrisIsInvested!$C:$C, "Rival", ElantrisIsInvested!D:D) -> 0 | L12: =SUM(H12:K12) -> 0 | M12: =AVERAGEIF(ElantrisTier2!$B:$B, "Rival", ElantrisTier2!M:M) -> 0 | N12: =AVERAGEIF(ElantrisTier2!$B:$B, "Rival", ElantrisTier2!N:N) -> 0 | O12: =AVERAGEIF(ElantrisTier2!$B:$B, "Rival", ElantrisTier2!O:O) -> 0
A13: Boss | B13: =AVERAGEIF(ElantrisTier2!$B:$B, "Boss", ElantrisTier2!C:C) -> 0 | C13: =AVERAGEIF(ElantrisTier2!$B:$B, "Boss", ElantrisTier2!D:D) -> 0 | D13: =AVERAGEIF(ElantrisTier2!$B:$B, "Boss", ElantrisTier2!E:E) -> 0 | E13: =AVERAGEIF(ElantrisTier2!$B:$B, "Boss", ElantrisTier2!F:F) -> 0 | F13: =AVERAGEIF(ElantrisTier2!$B:$B, "Boss", ElantrisTier2!G:G) -> 0 | G13: =AVERAGEIF(ElantrisTier2!$B:$B, "Boss", ElantrisTier2!H:H) -> 0 | H13: =AVERAGEIF(ElantrisTier2!$B:$B, "Boss", ElantrisTier2!I:I) -> 0 | I13: =AVERAGEIF(ElantrisTier2!$B:$B, "Boss", ElantrisTier2!J:J) -> 0 | J13: =AVERAGEIF(ElantrisTier2!$B:$B, "Boss", ElantrisTier2!K:K) -> 0 | K13: =AVERAGEIF(ElantrisIsInvested!$C:$C, "Boss", ElantrisIsInvested!D:D) -> 0 | L13: =SUM(H13:K13) -> 0 | M13: =AVERAGEIF(ElantrisTier2!$B:$B, "Boss", ElantrisTier2!M:M) -> 0 | N13: =AVERAGEIF(ElantrisTier2!$B:$B, "Boss", ElantrisTier2!N:N) -> 0 | O13: =AVERAGEIF(ElantrisTier2!$B:$B, "Boss", ElantrisTier2!O:O) -> 0
A15: Tier 3 Averages
A17: Type | B17: Physical Defense | C17: Cognitive Defense | D17: Spiritual Defense | E17: Health | F17: Focus | G17: Investiture | H17: Physical Skills | I17: Cognitive Skills | J17: Spiritual Skills | K17: Invested Skills | L17: Total Skills | M17: To Hit Bonus | N17: DPR (Fast) | O17: DPR (Slow)
A18: Rival | B18: =AVERAGEIF(ElantrisTier3!$B:$B, "Rival", ElantrisTier3!C:C) -> 0 | C18: =AVERAGEIF(ElantrisTier3!$B:$B, "Rival", ElantrisTier3!D:D) -> 0 | D18: =AVERAGEIF(ElantrisTier3!$B:$B, "Rival", ElantrisTier3!E:E) -> 0 | E18: =AVERAGEIF(ElantrisTier3!$B:$B, "Rival", ElantrisTier3!F:F) -> 0 | F18: =AVERAGEIF(ElantrisTier3!$B:$B, "Rival", ElantrisTier3!G:G) -> 0 | G18: =AVERAGEIF(ElantrisTier3!$B:$B, "Rival", ElantrisTier3!H:H) -> 0 | H18: =AVERAGEIF(ElantrisTier3!$B:$B, "Rival", ElantrisTier3!I:I) -> 0 | I18: =AVERAGEIF(ElantrisTier3!$B:$B, "Rival", ElantrisTier3!J:J) -> 0 | J18: =AVERAGEIF(ElantrisTier3!$B:$B, "Rival", ElantrisTier3!K:K) -> 0 | K18: =AVERAGEIF(ElantrisIsInvested!$E:$E, "Rival", ElantrisIsInvested!F:F) -> 0 | L18: =SUM(H18:K18) -> 0 | M18: =AVERAGEIF(ElantrisTier3!$B:$B, "Rival", ElantrisTier3!M:M) -> 0 | N18: =AVERAGEIF(ElantrisTier3!$B:$B, "Rival", ElantrisTier3!N:N) -> 0 | O18: =AVERAGEIF(ElantrisTier3!$B:$B, "Rival", ElantrisTier3!O:O) -> 0
A19: Boss | B19: =AVERAGEIF(ElantrisTier3!$B:$B, "Boss", ElantrisTier3!C:C) -> 0 | C19: =AVERAGEIF(ElantrisTier3!$B:$B, "Boss", ElantrisTier3!D:D) -> 0 | D19: =AVERAGEIF(ElantrisTier3!$B:$B, "Boss", ElantrisTier3!E:E) -> 0 | E19: =AVERAGEIF(ElantrisTier3!$B:$B, "Boss", ElantrisTier3!F:F) -> 0 | F19: =AVERAGEIF(ElantrisTier3!$B:$B, "Boss", ElantrisTier3!G:G) -> 0 | G19: =AVERAGEIF(ElantrisTier3!$B:$B, "Boss", ElantrisTier3!H:H) -> 0 | H19: =AVERAGEIF(ElantrisTier3!$B:$B, "Boss", ElantrisTier3!I:I) -> 0 | I19: =AVERAGEIF(ElantrisTier3!$B:$B, "Boss", ElantrisTier3!J:J) -> 0 | J19: =AVERAGEIF(ElantrisTier3!$B:$B, "Boss", ElantrisTier3!K:K) -> 0 | K19: =AVERAGEIF(ElantrisIsInvested!$E:$E, "Boss", ElantrisIsInvested!F:F) -> 0 | L19: =SUM(H19:K19) -> 0 | M19: =AVERAGEIF(ElantrisTier3!$B:$B, "Boss", ElantrisTier3!M:M) -> 0 | N19: =AVERAGEIF(ElantrisTier3!$B:$B, "Boss", ElantrisTier3!N:N) -> 0 | O19: =AVERAGEIF(ElantrisTier3!$B:$B, "Boss", ElantrisTier3!O:O) -> 0
A21: Tier 4 Averages
A23: Type | B23: Physical Defense | C23: Cognitive Defense | D23: Spiritual Defense | E23: Health | F23: Focus | G23: Investiture | H23: Physical Skills | I23: Cognitive Skills | J23: Spiritual Skills | K23: Invested Skills | L23: Total Skills | M23: To Hit Bonus | N23: DPR (Fast) | O23: DPR (Slow)
A24: Rival | B24: =AVERAGEIF('ElantrisTier 4'!$B:$B, "Rival", 'ElantrisTier 4'!C:C) -> 0 | C24: =AVERAGEIF('ElantrisTier 4'!$B:$B, "Rival", 'ElantrisTier 4'!D:D) -> 0 | D24: =AVERAGEIF('ElantrisTier 4'!$B:$B, "Rival", 'ElantrisTier 4'!E:E) -> 0 | E24: =AVERAGEIF('ElantrisTier 4'!$B:$B, "Rival", 'ElantrisTier 4'!F:F) -> 0 | F24: =AVERAGEIF('ElantrisTier 4'!$B:$B, "Rival", 'ElantrisTier 4'!G:G) -> 0 | G24: =AVERAGEIF('ElantrisTier 4'!$B:$B, "Rival", 'ElantrisTier 4'!H:H) -> 0 | H24: =AVERAGEIF('ElantrisTier 4'!$B:$B, "Rival", 'ElantrisTier 4'!I:I) -> 0 | I24: =AVERAGEIF('ElantrisTier 4'!$B:$B, "Rival", 'ElantrisTier 4'!J:J) -> 0 | J24: =AVERAGEIF('ElantrisTier 4'!$B:$B, "Rival", 'ElantrisTier 4'!K:K) -> 0 | K24: =AVERAGEIF(ElantrisIsInvested!$G:$G, "Rival", ElantrisIsInvested!H:H) -> 0 | L24: =SUM(H24:K24) -> 0 | M24: =AVERAGEIF('ElantrisTier 4'!$B:$B, "Rival", 'ElantrisTier 4'!M:M) -> 0 | N24: =AVERAGEIF('ElantrisTier 4'!$B:$B, "Rival", 'ElantrisTier 4'!N:N) -> 0 | O24: =AVERAGEIF('ElantrisTier 4'!$B:$B, "Rival", 'ElantrisTier 4'!O:O) -> 0
A25: Boss | B25: =AVERAGEIF('ElantrisTier 4'!$B:$B, "Boss", 'ElantrisTier 4'!C:C) -> 0 | C25: =AVERAGEIF('ElantrisTier 4'!$B:$B, "Boss", 'ElantrisTier 4'!D:D) -> 0 | D25: =AVERAGEIF('ElantrisTier 4'!$B:$B, "Boss", 'ElantrisTier 4'!E:E) -> 0 | E25: =AVERAGEIF('ElantrisTier 4'!$B:$B, "Boss", 'ElantrisTier 4'!F:F) -> 0 | F25: =AVERAGEIF('ElantrisTier 4'!$B:$B, "Boss", 'ElantrisTier 4'!G:G) -> 0 | G25: =AVERAGEIF('ElantrisTier 4'!$B:$B, "Boss", 'ElantrisTier 4'!H:H) -> 0 | H25: =AVERAGEIF('ElantrisTier 4'!$B:$B, "Boss", 'ElantrisTier 4'!I:I) -> 0 | I25: =AVERAGEIF('ElantrisTier 4'!$B:$B, "Boss", 'ElantrisTier 4'!J:J) -> 0 | J25: =AVERAGEIF('ElantrisTier 4'!$B:$B, "Boss", 'ElantrisTier 4'!K:K) -> 0 | K25: =AVERAGEIF(ElantrisIsInvested!$G:$G, "Boss", ElantrisIsInvested!H:H) -> 0 | L25: =SUM(H25:K25) -> 0 | M25: =AVERAGEIF('ElantrisTier 4'!$B:$B, "Boss", 'ElantrisTier 4'!M:M) -> 0 | N25: =AVERAGEIF('ElantrisTier 4'!$B:$B, "Boss", 'ElantrisTier 4'!N:N) -> 0 | O25: =AVERAGEIF('ElantrisTier 4'!$B:$B, "Boss", 'ElantrisTier 4'!O:O) -> 0

Sheet WorldhopperAverages
A1: Tier 1 Averages
A3: Type | B3: Physical Defense | C3: Cognitive Defense | D3: Spiritual Defense | E3: Health | F3: Focus | G3: Investiture | H3: Physical Skills | I3: Cognitive Skills | J3: Spiritual Skills | K3: Invested Skills | L3: Total Skills | M3: To Hit Bonus | N3: DPR (Fast) | O3: DPR (Slow)
A4: Minion | B4: =AVERAGEIF('WorldhopperTier 1'!$B:$B, "Minion", 'WorldhopperTier 1'!C:C) -> 0 | C4: =AVERAGEIF('WorldhopperTier 1'!$B:$B, "Minion", 'WorldhopperTier 1'!D:D) -> 0 | D4: =AVERAGEIF('WorldhopperTier 1'!$B:$B, "Minion", 'WorldhopperTier 1'!E:E) -> 0 | E4: =AVERAGEIF('WorldhopperTier 1'!$B:$B, "Minion", 'WorldhopperTier 1'!F:F) -> 0 | F4: =AVERAGEIF('WorldhopperTier 1'!$B:$B, "Minion", 'WorldhopperTier 1'!G:G) -> 0 | G4: =AVERAGEIF('WorldhopperTier 1'!$B:$B, "Minion", 'WorldhopperTier 1'!H:H) -> 0 | H4: =AVERAGEIF('WorldhopperTier 1'!$B:$B, "Minion", 'WorldhopperTier 1'!I:I) -> 0 | I4: =AVERAGEIF('WorldhopperTier 1'!$B:$B, "Minion", 'WorldhopperTier 1'!J:J) -> 0 | J4: =AVERAGEIF('WorldhopperTier 1'!$B:$B, "Minion", 'WorldhopperTier 1'!K:K) -> 0 | K4: =AVERAGEIF(WorldhopperIsInvested!$A:$A, "Minion", WorldhopperIsInvested!B:B) -> 0 | L4: =SUM(H4:K4) -> 0 | M4: =AVERAGEIF('WorldhopperTier 1'!$B:$B, "Minion", 'WorldhopperTier 1'!M:M) -> 0 | N4: =AVERAGEIF('WorldhopperTier 1'!$B:$B, "Minion", 'WorldhopperTier 1'!N:N) -> 0 | O4: =AVERAGEIF('WorldhopperTier 1'!$B:$B, "Minion", 'WorldhopperTier 1'!O:O) -> 0
A5: Rival | B5: =AVERAGEIF('WorldhopperTier 1'!$B:$B, "Rival", 'WorldhopperTier 1'!C:C) -> 0 | C5: =AVERAGEIF('WorldhopperTier 1'!$B:$B, "Rival", 'WorldhopperTier 1'!D:D) -> 0 | D5: =AVERAGEIF('WorldhopperTier 1'!$B:$B, "Rival", 'WorldhopperTier 1'!E:E) -> 0 | E5: =AVERAGEIF('WorldhopperTier 1'!$B:$B, "Rival", 'WorldhopperTier 1'!F:F) -> 0 | F5: =AVERAGEIF('WorldhopperTier 1'!$B:$B, "Rival", 'WorldhopperTier 1'!G:G) -> 0 | G5: =AVERAGEIF('WorldhopperTier 1'!$B:$B, "Rival", 'WorldhopperTier 1'!H:H) -> 0 | H5: =AVERAGEIF('WorldhopperTier 1'!$B:$B, "Rival", 'WorldhopperTier 1'!I:I) -> 0 | I5: =AVERAGEIF('WorldhopperTier 1'!$B:$B, "Rival", 'WorldhopperTier 1'!J:J) -> 0 | J5: =AVERAGEIF('WorldhopperTier 1'!$B:$B, "Rival", 'WorldhopperTier 1'!K:K) -> 0 | K5: =AVERAGEIF(WorldhopperIsInvested!$A:$A, "Rival", WorldhopperIsInvested!B:B) -> 0 | L5: =SUM(H5:K5) -> 0 | M5: =AVERAGEIF('WorldhopperTier 1'!$B:$B, "Rival", 'WorldhopperTier 1'!M:M) -> 0 | N5: =AVERAGEIF('WorldhopperTier 1'!$B:$B, "Rival", 'WorldhopperTier 1'!N:N) -> 0 | O5: =AVERAGEIF('WorldhopperTier 1'!$B:$B, "Rival", 'WorldhopperTier 1'!O:O) -> 0
A6: Boss | B6: =AVERAGEIF('WorldhopperTier 1'!$B:$B, "Boss", 'WorldhopperTier 1'!C:C) -> 0 | C6: =AVERAGEIF('WorldhopperTier 1'!$B:$B, "Boss", 'WorldhopperTier 1'!D:D) -> 0 | D6: =AVERAGEIF('WorldhopperTier 1'!$B:$B, "Boss", 'WorldhopperTier 1'!E:E) -> 0 | E6: =AVERAGEIF('WorldhopperTier 1'!$B:$B, "Boss", 'WorldhopperTier 1'!F:F) -> 0 | F6: =AVERAGEIF('WorldhopperTier 1'!$B:$B, "Boss", 'WorldhopperTier 1'!G:G) -> 0 | G6: =AVERAGEIF('WorldhopperTier 1'!$B:$B, "Boss", 'WorldhopperTier 1'!H:H) -> 0 | H6: =AVERAGEIF('WorldhopperTier 1'!$B:$B, "Boss", 'WorldhopperTier 1'!I:I) -> 0 | I6: =AVERAGEIF('WorldhopperTier 1'!$B:$B, "Boss", 'WorldhopperTier 1'!J:J) -> 0 | J6: =AVERAGEIF('WorldhopperTier 1'!$B:$B, "Boss", 'WorldhopperTier 1'!K:K) -> 0 | K6: =AVERAGEIF(WorldhopperIsInvested!$A:$A, "Boss", WorldhopperIsInvested!B:B) -> 0 | L6: =SUM(H6:K6) -> 0 | M6: =AVERAGEIF('WorldhopperTier 1'!$B:$B, "Boss", 'WorldhopperTier 1'!M:M) -> 0 | N6: =AVERAGEIF('WorldhopperTier 1'!$B:$B, "Boss", 'WorldhopperTier 1'!N:N) -> 0 | O6: =AVERAGEIF('WorldhopperTier 1'!$B:$B, "Boss", 'WorldhopperTier 1'!O:O) -> 0
A8: Tier 2 Averages
A10: Type | B10: Physical Defense | C10: Cognitive Defense | D10: Spiritual Defense | E10: Health | F10: Focus | G10: Investiture | H10: Physical Skills | I10: Cognitive Skills | J10: Spiritual Skills | K10: Invested Skills | L10: Total Skills | M10: To Hit Bonus | N10: DPR (Fast) | O10: DPR (Slow)
A11: Minion | B11: =AVERAGEIF(WorldhopperTier2!$B:$B, "Minion", WorldhopperTier2!C:C) -> 0 | C11: =AVERAGEIF(WorldhopperTier2!$B:$B, "Minion", WorldhopperTier2!D:D) -> 0 | D11: =AVERAGEIF(WorldhopperTier2!$B:$B, "Minion", WorldhopperTier2!E:E) -> 0 | E11: =AVERAGEIF(WorldhopperTier2!$B:$B, "Minion", WorldhopperTier2!F:F) -> 0 | F11: =AVERAGEIF(WorldhopperTier2!$B:$B, "Minion", WorldhopperTier2!G:G) -> 0 | G11: =AVERAGEIF(WorldhopperTier2!$B:$B, "Minion", WorldhopperTier2!H:H) -> 0 | H11: =AVERAGEIF(WorldhopperTier2!$B:$B, "Minion", WorldhopperTier2!I:I) -> 0 | I11: =AVERAGEIF(WorldhopperTier2!$B:$B, "Minion", WorldhopperTier2!J:J) -> 0 | J11: =AVERAGEIF(WorldhopperTier2!$B:$B, "Minion", WorldhopperTier2!K:K) -> 0 | K11: =AVERAGEIF(WorldhopperIsInvested!$C:$C, "Minion", WorldhopperIsInvested!D:D) -> 0 | L11: =SUM(H11:K11) -> 0 | M11: =AVERAGEIF(WorldhopperTier2!$B:$B, "Minion", WorldhopperTier2!M:M) -> 0 | N11: =AVERAGEIF(WorldhopperTier2!$B:$B, "Minion", WorldhopperTier2!N:N) -> 0 | O11: =AVERAGEIF(WorldhopperTier2!$B:$B, "Minion", WorldhopperTier2!O:O) -> 0
A12: Rival | B12: =AVERAGEIF(WorldhopperTier2!$B:$B, "Rival", WorldhopperTier2!C:C) -> 0 | C12: =AVERAGEIF(WorldhopperTier2!$B:$B, "Rival", WorldhopperTier2!D:D) -> 0 | D12: =AVERAGEIF(WorldhopperTier2!$B:$B, "Rival", WorldhopperTier2!E:E) -> 0 | E12: =AVERAGEIF(WorldhopperTier2!$B:$B, "Rival", WorldhopperTier2!F:F) -> 0 | F12: =AVERAGEIF(WorldhopperTier2!$B:$B, "Rival", WorldhopperTier2!G:G) -> 0 | G12: =AVERAGEIF(WorldhopperTier2!$B:$B, "Rival", WorldhopperTier2!H:H) -> 0 | H12: =AVERAGEIF(WorldhopperTier2!$B:$B, "Rival", WorldhopperTier2!I:I) -> 0 | I12: =AVERAGEIF(WorldhopperTier2!$B:$B, "Rival", WorldhopperTier2!J:J) -> 0 | J12: =AVERAGEIF(WorldhopperTier2!$B:$B, "Rival", WorldhopperTier2!K:K) -> 0 | K12: =AVERAGEIF(WorldhopperIsInvested!$C:$C, "Rival", WorldhopperIsInvested!D:D) -> 0 | L12: =SUM(H12:K12) -> 0 | M12: =AVERAGEIF(WorldhopperTier2!$B:$B, "Rival", WorldhopperTier2!M:M) -> 0 | N12: =AVERAGEIF(WorldhopperTier2!$B:$B, "Rival", WorldhopperTier2!N:N) -> 0 | O12: =AVERAGEIF(WorldhopperTier2!$B:$B, "Rival", WorldhopperTier2!O:O) -> 0
A13: Boss | B13: =AVERAGEIF(WorldhopperTier2!$B:$B, "Boss", WorldhopperTier2!C:C) -> 0 | C13: =AVERAGEIF(WorldhopperTier2!$B:$B, "Boss", WorldhopperTier2!D:D) -> 0 | D13: =AVERAGEIF(WorldhopperTier2!$B:$B, "Boss", WorldhopperTier2!E:E) -> 0 | E13: =AVERAGEIF(WorldhopperTier2!$B:$B, "Boss", WorldhopperTier2!F:F) -> 0 | F13: =AVERAGEIF(WorldhopperTier2!$B:$B, "Boss", WorldhopperTier2!G:G) -> 0 | G13: =AVERAGEIF(WorldhopperTier2!$B:$B, "Boss", WorldhopperTier2!H:H) -> 0 | H13: =AVERAGEIF(WorldhopperTier2!$B:$B, "Boss", WorldhopperTier2!I:I) -> 0 | I13: =AVERAGEIF(WorldhopperTier2!$B:$B, "Boss", WorldhopperTier2!J:J) -> 0 | J13: =AVERAGEIF(WorldhopperTier2!$B:$B, "Boss", WorldhopperTier2!K:K) -> 0 | K13: =AVERAGEIF(WorldhopperIsInvested!$C:$C, "Boss", WorldhopperIsInvested!D:D) -> 0 | L13: =SUM(H13:K13) -> 0 | M13: =AVERAGEIF(WorldhopperTier2!$B:$B, "Boss", WorldhopperTier2!M:M) -> 0 | N13: =AVERAGEIF(WorldhopperTier2!$B:$B, "Boss", WorldhopperTier2!N:N) -> 0 | O13: =AVERAGEIF(WorldhopperTier2!$B:$B, "Boss", WorldhopperTier2!O:O) -> 0
A15: Tier 3 Averages
A17: Type | B17: Physical Defense | C17: Cognitive Defense | D17: Spiritual Defense | E17: Health | F17: Focus | G17: Investiture | H17: Physical Skills | I17: Cognitive Skills | J17: Spiritual Skills | K17: Invested Skills | L17: Total Skills | M17: To Hit Bonus | N17: DPR (Fast) | O17: DPR (Slow)
A18: Rival | B18: =AVERAGEIF(WorldhopperTier3!$B:$B, "Rival", WorldhopperTier3!C:C) -> 0 | C18: =AVERAGEIF(WorldhopperTier3!$B:$B, "Rival", WorldhopperTier3!D:D) -> 0 | D18: =AVERAGEIF(WorldhopperTier3!$B:$B, "Rival", WorldhopperTier3!E:E) -> 0 | E18: =AVERAGEIF(WorldhopperTier3!$B:$B, "Rival", WorldhopperTier3!F:F) -> 0 | F18: =AVERAGEIF(WorldhopperTier3!$B:$B, "Rival", WorldhopperTier3!G:G) -> 0 | G18: =AVERAGEIF(WorldhopperTier3!$B:$B, "Rival", WorldhopperTier3!H:H) -> 0 | H18: =AVERAGEIF(WorldhopperTier3!$B:$B, "Rival", WorldhopperTier3!I:I) -> 0 | I18: =AVERAGEIF(WorldhopperTier3!$B:$B, "Rival", WorldhopperTier3!J:J) -> 0 | J18: =AVERAGEIF(WorldhopperTier3!$B:$B, "Rival", WorldhopperTier3!K:K) -> 0 | K18: =AVERAGEIF(WorldhopperIsInvested!$E:$E, "Rival", WorldhopperIsInvested!F:F) -> 0 | L18: =SUM(H18:K18) -> 0 | M18: =AVERAGEIF(WorldhopperTier3!$B:$B, "Rival", WorldhopperTier3!M:M) -> 0 | N18: =AVERAGEIF(WorldhopperTier3!$B:$B, "Rival", WorldhopperTier3!N:N) -> 0 | O18: =AVERAGEIF(WorldhopperTier3!$B:$B, "Rival", WorldhopperTier3!O:O) -> 0
A19: Boss | B19: =AVERAGEIF(WorldhopperTier3!$B:$B, "Boss", WorldhopperTier3!C:C) -> 0 | C19: =AVERAGEIF(WorldhopperTier3!$B:$B, "Boss", WorldhopperTier3!D:D) -> 0 | D19: =AVERAGEIF(WorldhopperTier3!$B:$B, "Boss", WorldhopperTier3!E:E) -> 0 | E19: =AVERAGEIF(WorldhopperTier3!$B:$B, "Boss", WorldhopperTier3!F:F) -> 0 | F19: =AVERAGEIF(WorldhopperTier3!$B:$B, "Boss", WorldhopperTier3!G:G) -> 0 | G19: =AVERAGEIF(WorldhopperTier3!$B:$B, "Boss", WorldhopperTier3!H:H) -> 0 | H19: =AVERAGEIF(WorldhopperTier3!$B:$B, "Boss", WorldhopperTier3!I:I) -> 0 | I19: =AVERAGEIF(WorldhopperTier3!$B:$B, "Boss", WorldhopperTier3!J:J) -> 0 | J19: =AVERAGEIF(WorldhopperTier3!$B:$B, "Boss", WorldhopperTier3!K:K) -> 0 | K19: =AVERAGEIF(WorldhopperIsInvested!$E:$E, "Boss", WorldhopperIsInvested!F:F) -> 0 | L19: =SUM(H19:K19) -> 0 | M19: =AVERAGEIF(WorldhopperTier3!$B:$B, "Boss", WorldhopperTier3!M:M) -> 0 | N19: =AVERAGEIF(WorldhopperTier3!$B:$B, "Boss", WorldhopperTier3!N:N) -> 0 | O19: =AVERAGEIF(WorldhopperTier3!$B:$B, "Boss", WorldhopperTier3!O:O) -> 0
A21: Tier 4 Averages
A23: Type | B23: Physical Defense | C23: Cognitive Defense | D23: Spiritual Defense | E23: Health | F23: Focus | G23: Investiture | H23: Physical Skills | I23: Cognitive Skills | J23: Spiritual Skills | K23: Invested Skills | L23: Total Skills | M23: To Hit Bonus | N23: DPR (Fast) | O23: DPR (Slow)
A24: Rival | B24: =AVERAGEIF('WorldhopperTier 4'!$B:$B, "Rival", 'WorldhopperTier 4'!C:C) -> 0 | C24: =AVERAGEIF('WorldhopperTier 4'!$B:$B, "Rival", 'WorldhopperTier 4'!D:D) -> 0 | D24: =AVERAGEIF('WorldhopperTier 4'!$B:$B, "Rival", 'WorldhopperTier 4'!E:E) -> 0 | E24: =AVERAGEIF('WorldhopperTier 4'!$B:$B, "Rival", 'WorldhopperTier 4'!F:F) -> 0 | F24: =AVERAGEIF('WorldhopperTier 4'!$B:$B, "Rival", 'WorldhopperTier 4'!G:G) -> 0 | G24: =AVERAGEIF('WorldhopperTier 4'!$B:$B, "Rival", 'WorldhopperTier 4'!H:H) -> 0 | H24: =AVERAGEIF('WorldhopperTier 4'!$B:$B, "Rival", 'WorldhopperTier 4'!I:I) -> 0 | I24: =AVERAGEIF('WorldhopperTier 4'!$B:$B, "Rival", 'WorldhopperTier 4'!J:J) -> 0 | J24: =AVERAGEIF('WorldhopperTier 4'!$B:$B, "Rival", 'WorldhopperTier 4'!K:K) -> 0 | K24: =AVERAGEIF(WorldhopperIsInvested!$G:$G, "Rival", WorldhopperIsInvested!H:H) -> 0 | L24: =SUM(H24:K24) -> 0 | M24: =AVERAGEIF('WorldhopperTier 4'!$B:$B, "Rival", 'WorldhopperTier 4'!M:M) -> 0 | N24: =AVERAGEIF('WorldhopperTier 4'!$B:$B, "Rival", 'WorldhopperTier 4'!N:N) -> 0 | O24: =AVERAGEIF('WorldhopperTier 4'!$B:$B, "Rival", 'WorldhopperTier 4'!O:O) -> 0
A25: Boss | B25: =AVERAGEIF('WorldhopperTier 4'!$B:$B, "Boss", 'WorldhopperTier 4'!C:C) -> 0 | C25: =AVERAGEIF('WorldhopperTier 4'!$B:$B, "Boss", 'WorldhopperTier 4'!D:D) -> 0 | D25: =AVERAGEIF('WorldhopperTier 4'!$B:$B, "Boss", 'WorldhopperTier 4'!E:E) -> 0 | E25: =AVERAGEIF('WorldhopperTier 4'!$B:$B, "Boss", 'WorldhopperTier 4'!F:F) -> 0 | F25: =AVERAGEIF('WorldhopperTier 4'!$B:$B, "Boss", 'WorldhopperTier 4'!G:G) -> 0 | G25: =AVERAGEIF('WorldhopperTier 4'!$B:$B, "Boss", 'WorldhopperTier 4'!H:H) -> 0 | H25: =AVERAGEIF('WorldhopperTier 4'!$B:$B, "Boss", 'WorldhopperTier 4'!I:I) -> 0 | I25: =AVERAGEIF('WorldhopperTier 4'!$B:$B, "Boss", 'WorldhopperTier 4'!J:J) -> 0 | J25: =AVERAGEIF('WorldhopperTier 4'!$B:$B, "Boss", 'WorldhopperTier 4'!K:K) -> 0 | K25: =AVERAGEIF(WorldhopperIsInvested!$G:$G, "Boss", WorldhopperIsInvested!H:H) -> 0 | L25: =SUM(H25:K25) -> 0 | M25: =AVERAGEIF('WorldhopperTier 4'!$B:$B, "Boss", 'WorldhopperTier 4'!M:M) -> 0 | N25: =AVERAGEIF('WorldhopperTier 4'!$B:$B, "Boss", 'WorldhopperTier 4'!N:N) -> 0 | O25: =AVERAGEIF('WorldhopperTier 4'!$B:$B, "Boss", 'WorldhopperTier 4'!O:O) -> 0

Sheet StormlightMaximums
A1: Tier 1 Maximums
A3: Type | B3: Physical Defense | C3: Cognitive Defense | D3: Spiritual Defense | E3: Health | F3: Focus | G3: Investiture | H3: Physical Skills | I3: Cognitive Skills | J3: Spiritual Skills | K3: Invested Skills | L3: To Hit Bonus | M3: DPR (Fast) | N3: DPR (Slow)
A4: Minion | B4: =maxifs('StormlightTier 1'!C:C, 'StormlightTier 1'!$B:$B, "Minion") -> 15 | C4: =maxifs('StormlightTier 1'!D:D, 'StormlightTier 1'!$B:$B, "Minion") -> 13 | D4: =maxifs('StormlightTier 1'!E:E, 'StormlightTier 1'!$B:$B, "Minion") -> 13 | E4: =maxifs('StormlightTier 1'!F:F, 'StormlightTier 1'!$B:$B, "Minion") -> 14 | F4: =maxifs('StormlightTier 1'!G:G, 'StormlightTier 1'!$B:$B, "Minion") -> 13 | G4: =maxifs('StormlightTier 1'!H:H, 'StormlightTier 1'!$B:$B, "Minion") -> 0 | H4: =maxifs('StormlightTier 1'!I:I, 'StormlightTier 1'!$B:$B, "Minion") -> 11 | I4: =maxifs('StormlightTier 1'!J:J, 'StormlightTier 1'!$B:$B, "Minion") -> 5 | J4: =maxifs('StormlightTier 1'!K:K, 'StormlightTier 1'!$B:$B, "Minion") -> 9 | K4: =maxifs('StormlightTier 1'!L:L, 'StormlightTier 1'!$B:$B, "Minion") -> 0 | L4: =maxifs('StormlightTier 1'!M:M, 'StormlightTier 1'!$B:$B, "Minion") -> 4 | M4: =maxifs('StormlightTier 1'!N:N, 'StormlightTier 1'!$B:$B, "Minion") -> 12 | N4: =maxifs('StormlightTier 1'!O:O, 'StormlightTier 1'!$B:$B, "Minion") -> 12
A5: Rival | B5: =maxifs('StormlightTier 1'!C:C, 'StormlightTier 1'!$B:$B, "Rival") -> 16 | C5: =maxifs('StormlightTier 1'!D:D, 'StormlightTier 1'!$B:$B, "Rival") -> 15 | D5: =maxifs('StormlightTier 1'!E:E, 'StormlightTier 1'!$B:$B, "Rival") -> 16 | E5: =maxifs('StormlightTier 1'!F:F, 'StormlightTier 1'!$B:$B, "Rival") -> 34 | F5: =maxifs('StormlightTier 1'!G:G, 'StormlightTier 1'!$B:$B, "Rival") -> 5 | G5: =maxifs('StormlightTier 1'!H:H, 'StormlightTier 1'!$B:$B, "Rival") -> 5 | H5: =maxifs('StormlightTier 1'!I:I, 'StormlightTier 1'!$B:$B, "Rival") -> 20 | I5: =maxifs('StormlightTier 1'!J:J, 'StormlightTier 1'!$B:$B, "Rival") -> 13 | J5: =maxifs('StormlightTier 1'!K:K, 'StormlightTier 1'!$B:$B, "Rival") -> 14 | K5: =maxifs('StormlightTier 1'!L:L, 'StormlightTier 1'!$B:$B, "Rival") -> 9 | L5: =maxifs('StormlightTier 1'!M:M, 'StormlightTier 1'!$B:$B, "Rival") -> 6 | M5: =maxifs('StormlightTier 1'!N:N, 'StormlightTier 1'!$B:$B, "Rival") -> 24 | N5: =maxifs('StormlightTier 1'!O:O, 'StormlightTier 1'!$B:$B, "Rival") -> 24
A6: Boss | B6: =maxifs('StormlightTier 1'!C:C, 'StormlightTier 1'!$B:$B, "Boss") -> 15 | C6: =maxifs('StormlightTier 1'!D:D, 'StormlightTier 1'!$B:$B, "Boss") -> 17 | D6: =maxifs('StormlightTier 1'!E:E, 'StormlightTier 1'!$B:$B, "Boss") -> 17 | E6: =maxifs('StormlightTier 1'!F:F, 'StormlightTier 1'!$B:$B, "Boss") -> 80 | F6: =maxifs('StormlightTier 1'!G:G, 'StormlightTier 1'!$B:$B, "Boss") -> 6 | G6: =maxifs('StormlightTier 1'!H:H, 'StormlightTier 1'!$B:$B, "Boss") -> 6 | H6: =maxifs('StormlightTier 1'!I:I, 'StormlightTier 1'!$B:$B, "Boss") -> 11 | I6: =maxifs('StormlightTier 1'!J:J, 'StormlightTier 1'!$B:$B, "Boss") -> 20 | J6: =maxifs('StormlightTier 1'!K:K, 'StormlightTier 1'!$B:$B, "Boss") -> 25 | K6: =maxifs('StormlightTier 1'!L:L, 'StormlightTier 1'!$B:$B, "Boss") -> 22 | L6: =maxifs('StormlightTier 1'!M:M, 'StormlightTier 1'!$B:$B, "Boss") -> 6 | M6: =maxifs('StormlightTier 1'!N:N, 'StormlightTier 1'!$B:$B, "Boss") -> 25 | N6: =maxifs('StormlightTier 1'!O:O, 'StormlightTier 1'!$B:$B, "Boss") -> 49
A8: Tier 2 Maximums
A10: Type | B10: Physical Defense | C10: Cognitive Defense | D10: Spiritual Defense | E10: Health | F10: Focus | G10: Investiture | H10: Physical Skills | I10: Cognitive Skills | J10: Spiritual Skills | K10: Invested Skills | L10: To Hit Bonus | M10: DPR (Fast) | N10: DPR (Slow)
A11: Minion | B11: =maxifs(StormlightTier2!C:C, StormlightTier2!$B:$B, "Minion") -> 15 | C11: =maxifs(StormlightTier2!D:D, StormlightTier2!$B:$B, "Minion") -> 15 | D11: =maxifs(StormlightTier2!E:E, StormlightTier2!$B:$B, "Minion") -> 18 | E11: =maxifs(StormlightTier2!F:F, StormlightTier2!$B:$B, "Minion") -> 24 | F11: =maxifs(StormlightTier2!G:G, StormlightTier2!$B:$B, "Minion") -> 4 | G11: =maxifs(StormlightTier2!H:H, StormlightTier2!$B:$B, "Minion") -> 5 | H11: =maxifs(StormlightTier2!I:I, StormlightTier2!$B:$B, "Minion") -> 28 | I11: =maxifs(StormlightTier2!J:J, StormlightTier2!$B:$B, "Minion") -> 4 | J11: =maxifs(StormlightTier2!K:K, StormlightTier2!$B:$B, "Minion") -> 28 | K11: =maxifs(StormlightTier2!L:L, StormlightTier2!$B:$B, "Minion") -> 0 | L11: =maxifs(StormlightTier2!M:M, StormlightTier2!$B:$B, "Minion") -> 7 | M11: =maxifs(StormlightTier2!N:N, StormlightTier2!$B:$B, "Minion") -> 9 | N11: =maxifs(StormlightTier2!O:O, StormlightTier2!$B:$B, "Minion") -> 12
A12: Rival | B12: =maxifs(StormlightTier2!C:C, StormlightTier2!$B:$B, "Rival") -> 19 | C12: =maxifs(StormlightTier2!D:D, StormlightTier2!$B:$B, "Rival") -> 19 | D12: =maxifs(StormlightTier2!E:E, StormlightTier2!$B:$B, "Rival") -> 19 | E12: =maxifs(StormlightTier2!F:F, StormlightTier2!$B:$B, "Rival") -> 48 | F12: =maxifs(StormlightTier2!G:G, StormlightTier2!$B:$B, "Rival") -> 8 | G12: =maxifs(StormlightTier2!H:H, StormlightTier2!$B:$B, "Rival") -> 8 | H12: =maxifs(StormlightTier2!I:I, StormlightTier2!$B:$B, "Rival") -> 28 | I12: =maxifs(StormlightTier2!J:J, StormlightTier2!$B:$B, "Rival") -> 21 | J12: =maxifs(StormlightTier2!K:K, StormlightTier2!$B:$B, "Rival") -> 26 | K12: =maxifs(StormlightTier2!L:L, StormlightTier2!$B:$B, "Rival") -> 11 | L12: =maxifs(StormlightTier2!M:M, StormlightTier2!$B:$B, "Rival") -> 9 | M12: =maxifs(StormlightTier2!N:N, StormlightTier2!$B:$B, "Rival") -> 42 | N12: =maxifs(StormlightTier2!O:O, StormlightTier2!$B:$B, "Rival") -> 50
A13: Boss | B13: =maxifs(StormlightTier2!C:C, StormlightTier2!$B:$B, "Boss") -> 19 | C13: =maxifs(StormlightTier2!D:D, StormlightTier2!$B:$B, "Boss") -> 15 | D13: =maxifs(StormlightTier2!E:E, StormlightTier2!$B:$B, "Boss") -> 16 | E13: =maxifs(StormlightTier2!F:F, StormlightTier2!$B:$B, "Boss") -> 144 | F13: =maxifs(StormlightTier2!G:G, StormlightTier2!$B:$B, "Boss") -> 5 | G13: =maxifs(StormlightTier2!H:H, StormlightTier2!$B:$B, "Boss") -> 0 | H13: =maxifs(StormlightTier2!I:I, StormlightTier2!$B:$B, "Boss") -> 14 | I13: =maxifs(StormlightTier2!J:J, StormlightTier2!$B:$B, "Boss") -> 6 | J13: =maxifs(StormlightTier2!K:K, StormlightTier2!$B:$B, "Boss") -> 14 | K13: =maxifs(StormlightTier2!L:L, StormlightTier2!$B:$B, "Boss") -> 0 | L13: =maxifs(StormlightTier2!M:M, StormlightTier2!$B:$B, "Boss") -> 8 | M13: =maxifs(StormlightTier2!N:N, StormlightTier2!$B:$B, "Boss") -> 17 | N13: =maxifs(StormlightTier2!O:O, StormlightTier2!$B:$B, "Boss") -> 32
A15: Tier 3 Maximums
A17: Type | B17: Physical Defense | C17: Cognitive Defense | D17: Spiritual Defense | E17: Health | F17: Focus | G17: Investiture | H17: Physical Skills | I17: Cognitive Skills | J17: Spiritual Skills | K17: Invested Skills | L17: To Hit Bonus | M17: DPR (Fast) | N17: DPR (Slow)
A18: Rival | B18: =maxifs(StormlightTier3!C:C, StormlightTier3!$B:$B, "Rival") -> 19 | C18: =maxifs(StormlightTier3!D:D, StormlightTier3!$B:$B, "Rival") -> 20 | D18: =maxifs(StormlightTier3!E:E, StormlightTier3!$B:$B, "Rival") -> 19 | E18: =maxifs(StormlightTier3!F:F, StormlightTier3!$B:$B, "Rival") -> 62 | F18: =maxifs(StormlightTier3!G:G, StormlightTier3!$B:$B, "Rival") -> 8 | G18: =maxifs(StormlightTier3!H:H, StormlightTier3!$B:$B, "Rival") -> 8 | H18: =maxifs(StormlightTier3!I:I, StormlightTier3!$B:$B, "Rival") -> 30 | I18: =maxifs(StormlightTier3!J:J, StormlightTier3!$B:$B, "Rival") -> 36 | J18: =maxifs(StormlightTier3!K:K, StormlightTier3!$B:$B, "Rival") -> 26 | K18: =maxifs(StormlightTier3!L:L, StormlightTier3!$B:$B, "Rival") -> 15 | L18: =maxifs(StormlightTier3!M:M, StormlightTier3!$B:$B, "Rival") -> 11 | M18: =maxifs(StormlightTier3!N:N, StormlightTier3!$B:$B, "Rival") -> 36 | N18: =maxifs(StormlightTier3!O:O, StormlightTier3!$B:$B, "Rival") -> 41
A19: Boss | B19: =maxifs(StormlightTier3!C:C, StormlightTier3!$B:$B, "Boss") -> 24 | C19: =maxifs(StormlightTier3!D:D, StormlightTier3!$B:$B, "Boss") -> 22 | D19: =maxifs(StormlightTier3!E:E, StormlightTier3!$B:$B, "Boss") -> 18 | E19: =maxifs(StormlightTier3!F:F, StormlightTier3!$B:$B, "Boss") -> 215 | F19: =maxifs(StormlightTier3!G:G, StormlightTier3!$B:$B, "Boss") -> 11 | G19: =maxifs(StormlightTier3!H:H, StormlightTier3!$B:$B, "Boss") -> 9 | H19: =maxifs(StormlightTier3!I:I, StormlightTier3!$B:$B, "Boss") -> 21 | I19: =maxifs(StormlightTier3!J:J, StormlightTier3!$B:$B, "Boss") -> 40 | J19: =maxifs(StormlightTier3!K:K, StormlightTier3!$B:$B, "Boss") -> 22 | K19: =maxifs(StormlightTier3!L:L, StormlightTier3!$B:$B, "Boss") -> 11 | L19: =maxifs(StormlightTier3!M:M, StormlightTier3!$B:$B, "Boss") -> 13 | M19: =maxifs(StormlightTier3!N:N, StormlightTier3!$B:$B, "Boss") -> 54 | N19: =maxifs(StormlightTier3!O:O, StormlightTier3!$B:$B, "Boss") -> 54
A21: Tier 4 Maximums
A23: Type | B23: Physical Defense | C23: Cognitive Defense | D23: Spiritual Defense | E23: Health | F23: Focus | G23: Investiture | H23: Physical Skills | I23: Cognitive Skills | J23: Spiritual Skills | K23: Invested Skills | L23: To Hit Bonus | M23: DPR (Fast) | N23: DPR (Slow)
A24: Rival | B24: =maxifs('StormlightTier 4'!C:C, 'StormlightTier 4'!$B:$B, "Rival") -> 17 | C24: =maxifs('StormlightTier 4'!D:D, 'StormlightTier 4'!$B:$B, "Rival") -> 19 | D24: =maxifs('StormlightTier 4'!E:E, 'StormlightTier 4'!$B:$B, "Rival") -> 18 | E24: =maxifs('StormlightTier 4'!F:F, 'StormlightTier 4'!$B:$B, "Rival") -> 65 | F24: =maxifs('StormlightTier 4'!G:G, 'StormlightTier 4'!$B:$B, "Rival") -> 6 | G24: =maxifs('StormlightTier 4'!H:H, 'StormlightTier 4'!$B:$B, "Rival") -> 7 | H24: =maxifs('StormlightTier 4'!I:I, 'StormlightTier 4'!$B:$B, "Rival") -> 31 | I24: =maxifs('StormlightTier 4'!J:J, 'StormlightTier 4'!$B:$B, "Rival") -> 34 | J24: =maxifs('StormlightTier 4'!K:K, 'StormlightTier 4'!$B:$B, "Rival") -> 25 | K24: =maxifs('StormlightTier 4'!L:L, 'StormlightTier 4'!$B:$B, "Rival") -> 19 | L24: =maxifs('StormlightTier 4'!M:M, 'StormlightTier 4'!$B:$B, "Rival") -> 10 | M24: =maxifs('StormlightTier 4'!N:N, 'StormlightTier 4'!$B:$B, "Rival") -> 46 | N24: =maxifs('StormlightTier 4'!O:O, 'StormlightTier 4'!$B:$B, "Rival") -> 46
A25: Boss | B25: =maxifs('StormlightTier 4'!C:C, 'StormlightTier 4'!$B:$B, "Boss") -> 23 | C25: =maxifs('StormlightTier 4'!D:D, 'StormlightTier 4'!$B:$B, "Boss") -> 20 | D25: =maxifs('StormlightTier 4'!E:E, 'StormlightTier 4'!$B:$B, "Boss") -> 19 | E25: =maxifs('StormlightTier 4'!F:F, 'StormlightTier 4'!$B:$B, "Boss") -> 240 | F25: =maxifs('StormlightTier 4'!G:G, 'StormlightTier 4'!$B:$B, "Boss") -> 11 | G25: =maxifs('StormlightTier 4'!H:H, 'StormlightTier 4'!$B:$B, "Boss") -> 9 | H25: =maxifs('StormlightTier 4'!I:I, 'StormlightTier 4'!$B:$B, "Boss") -> 46 | I25: =maxifs('StormlightTier 4'!J:J, 'StormlightTier 4'!$B:$B, "Boss") -> 11 | J25: =maxifs('StormlightTier 4'!K:K, 'StormlightTier 4'!$B:$B, "Boss") -> 36 | K25: =maxifs('StormlightTier 4'!L:L, 'StormlightTier 4'!$B:$B, "Boss") -> 81 | L25: =maxifs('StormlightTier 4'!M:M, 'StormlightTier 4'!$B:$B, "Boss") -> 14 | M25: =maxifs('StormlightTier 4'!N:N, 'StormlightTier 4'!$B:$B, "Boss") -> 52 | N25: =maxifs('StormlightTier 4'!O:O, 'StormlightTier 4'!$B:$B, "Boss") -> 83

Sheet MistbornMaximums
A1: Tier 1 Maximums
A3: Type | B3: Physical Defense | C3: Cognitive Defense | D3: Spiritual Defense | E3: Health | F3: Focus | G3: Investiture | H3: Physical Skills | I3: Cognitive Skills | J3: Spiritual Skills | K3: Invested Skills | L3: To Hit Bonus | M3: DPR (Fast) | N3: DPR (Slow)
A4: Minion | B4: =maxifs('MistbornTier 1'!C:C, 'MistbornTier 1'!$B:$B, "Minion") -> 0 | C4: =maxifs('MistbornTier 1'!D:D, 'MistbornTier 1'!$B:$B, "Minion") -> 0 | D4: =maxifs('MistbornTier 1'!E:E, 'MistbornTier 1'!$B:$B, "Minion") -> 0 | E4: =maxifs('MistbornTier 1'!F:F, 'MistbornTier 1'!$B:$B, "Minion") -> 0 | F4: =maxifs('MistbornTier 1'!G:G, 'MistbornTier 1'!$B:$B, "Minion") -> 0 | G4: =maxifs('MistbornTier 1'!H:H, 'MistbornTier 1'!$B:$B, "Minion") -> 0 | H4: =maxifs('MistbornTier 1'!I:I, 'MistbornTier 1'!$B:$B, "Minion") -> 0 | I4: =maxifs('MistbornTier 1'!J:J, 'MistbornTier 1'!$B:$B, "Minion") -> 0 | J4: =maxifs('MistbornTier 1'!K:K, 'MistbornTier 1'!$B:$B, "Minion") -> 0 | K4: =maxifs('MistbornTier 1'!L:L, 'MistbornTier 1'!$B:$B, "Minion") -> 0 | L4: =maxifs('MistbornTier 1'!M:M, 'MistbornTier 1'!$B:$B, "Minion") -> 0 | M4: =maxifs('MistbornTier 1'!N:N, 'MistbornTier 1'!$B:$B, "Minion") -> 0 | N4: =maxifs('MistbornTier 1'!O:O, 'MistbornTier 1'!$B:$B, "Minion") -> 0
A5: Rival | B5: =maxifs('MistbornTier 1'!C:C, 'MistbornTier 1'!$B:$B, "Rival") -> 0 | C5: =maxifs('MistbornTier 1'!D:D, 'MistbornTier 1'!$B:$B, "Rival") -> 0 | D5: =maxifs('MistbornTier 1'!E:E, 'MistbornTier 1'!$B:$B, "Rival") -> 0 | E5: =maxifs('MistbornTier 1'!F:F, 'MistbornTier 1'!$B:$B, "Rival") -> 0 | F5: =maxifs('MistbornTier 1'!G:G, 'MistbornTier 1'!$B:$B, "Rival") -> 0 | G5: =maxifs('MistbornTier 1'!H:H, 'MistbornTier 1'!$B:$B, "Rival") -> 0 | H5: =maxifs('MistbornTier 1'!I:I, 'MistbornTier 1'!$B:$B, "Rival") -> 0 | I5: =maxifs('MistbornTier 1'!J:J, 'MistbornTier 1'!$B:$B, "Rival") -> 0 | J5: =maxifs('MistbornTier 1'!K:K, 'MistbornTier 1'!$B:$B, "Rival") -> 0 | K5: =maxifs('MistbornTier 1'!L:L, 'MistbornTier 1'!$B:$B, "Rival") -> 0 | L5: =maxifs('MistbornTier 1'!M:M, 'MistbornTier 1'!$B:$B, "Rival") -> 0 | M5: =maxifs('MistbornTier 1'!N:N, 'MistbornTier 1'!$B:$B, "Rival") -> 0 | N5: =maxifs('MistbornTier 1'!O:O, 'MistbornTier 1'!$B:$B, "Rival") -> 0
A6: Boss | B6: =maxifs('MistbornTier 1'!C:C, 'MistbornTier 1'!$B:$B, "Boss") -> 0 | C6: =maxifs('MistbornTier 1'!D:D, 'MistbornTier 1'!$B:$B, "Boss") -> 0 | D6: =maxifs('MistbornTier 1'!E:E, 'MistbornTier 1'!$B:$B, "Boss") -> 0 | E6: =maxifs('MistbornTier 1'!F:F, 'MistbornTier 1'!$B:$B, "Boss") -> 0 | F6: =maxifs('MistbornTier 1'!G:G, 'MistbornTier 1'!$B:$B, "Boss") -> 0 | G6: =maxifs('MistbornTier 1'!H:H, 'MistbornTier 1'!$B:$B, "Boss") -> 0 | H6: =maxifs('MistbornTier 1'!I:I, 'MistbornTier 1'!$B:$B, "Boss") -> 0 | I6: =maxifs('MistbornTier 1'!J:J, 'MistbornTier 1'!$B:$B, "Boss") -> 0 | J6: =maxifs('MistbornTier 1'!K:K, 'MistbornTier 1'!$B:$B, "Boss") -> 0 | K6: =maxifs('MistbornTier 1'!L:L, 'MistbornTier 1'!$B:$B, "Boss") -> 0 | L6: =maxifs('MistbornTier 1'!M:M, 'MistbornTier 1'!$B:$B, "Boss") -> 0 | M6: =maxifs('MistbornTier 1'!N:N, 'MistbornTier 1'!$B:$B, "Boss") -> 0 | N6: =maxifs('MistbornTier 1'!O:O, 'MistbornTier 1'!$B:$B, "Boss") -> 0
A8: Tier 2 Maximums
A10: Type | B10: Physical Defense | C10: Cognitive Defense | D10: Spiritual Defense | E10: Health | F10: Focus | G10: Investiture | H10: Physical Skills | I10: Cognitive Skills | J10: Spiritual Skills | K10: Invested Skills | L10: To Hit Bonus | M10: DPR (Fast) | N10: DPR (Slow)
A11: Minion | B11: =maxifs(MistbornTier2!C:C, MistbornTier2!$B:$B, "Minion") -> 0 | C11: =maxifs(MistbornTier2!D:D, MistbornTier2!$B:$B, "Minion") -> 0 | D11: =maxifs(MistbornTier2!E:E, MistbornTier2!$B:$B, "Minion") -> 0 | E11: =maxifs(MistbornTier2!F:F, MistbornTier2!$B:$B, "Minion") -> 0 | F11: =maxifs(MistbornTier2!G:G, MistbornTier2!$B:$B, "Minion") -> 0 | G11: =maxifs(MistbornTier2!H:H, MistbornTier2!$B:$B, "Minion") -> 0 | H11: =maxifs(MistbornTier2!I:I, MistbornTier2!$B:$B, "Minion") -> 0 | I11: =maxifs(MistbornTier2!J:J, MistbornTier2!$B:$B, "Minion") -> 0 | J11: =maxifs(MistbornTier2!K:K, MistbornTier2!$B:$B, "Minion") -> 0 | K11: =maxifs(MistbornTier2!L:L, MistbornTier2!$B:$B, "Minion") -> 0 | L11: =maxifs(MistbornTier2!M:M, MistbornTier2!$B:$B, "Minion") -> 0 | M11: =maxifs(MistbornTier2!N:N, MistbornTier2!$B:$B, "Minion") -> 0 | N11: =maxifs(MistbornTier2!O:O, MistbornTier2!$B:$B, "Minion") -> 0
A12: Rival | B12: =maxifs(MistbornTier2!C:C, MistbornTier2!$B:$B, "Rival") -> 16 | C12: =maxifs(MistbornTier2!D:D, MistbornTier2!$B:$B, "Rival") -> 16 | D12: =maxifs(MistbornTier2!E:E, MistbornTier2!$B:$B, "Rival") -> 14 | E12: =maxifs(MistbornTier2!F:F, MistbornTier2!$B:$B, "Rival") -> 52 | F12: =maxifs(MistbornTier2!G:G, MistbornTier2!$B:$B, "Rival") -> 6 | G12: =maxifs(MistbornTier2!H:H, MistbornTier2!$B:$B, "Rival") -> 0 | H12: =maxifs(MistbornTier2!I:I, MistbornTier2!$B:$B, "Rival") -> 14 | I12: =maxifs(MistbornTier2!J:J, MistbornTier2!$B:$B, "Rival") -> 14 | J12: =maxifs(MistbornTier2!K:K, MistbornTier2!$B:$B, "Rival") -> 10 | K12: =maxifs(MistbornTier2!L:L, MistbornTier2!$B:$B, "Rival") -> 0 | L12: =maxifs(MistbornTier2!M:M, MistbornTier2!$B:$B, "Rival") -> 7 | M12: =maxifs(MistbornTier2!N:N, MistbornTier2!$B:$B, "Rival") -> 17 | N12: =maxifs(MistbornTier2!O:O, MistbornTier2!$B:$B, "Rival") -> 37
A13: Boss | B13: =maxifs(MistbornTier2!C:C, MistbornTier2!$B:$B, "Boss") -> 0 | C13: =maxifs(MistbornTier2!D:D, MistbornTier2!$B:$B, "Boss") -> 0 | D13: =maxifs(MistbornTier2!E:E, MistbornTier2!$B:$B, "Boss") -> 0 | E13: =maxifs(MistbornTier2!F:F, MistbornTier2!$B:$B, "Boss") -> 0 | F13: =maxifs(MistbornTier2!G:G, MistbornTier2!$B:$B, "Boss") -> 0 | G13: =maxifs(MistbornTier2!H:H, MistbornTier2!$B:$B, "Boss") -> 0 | H13: =maxifs(MistbornTier2!I:I, MistbornTier2!$B:$B, "Boss") -> 0 | I13: =maxifs(MistbornTier2!J:J, MistbornTier2!$B:$B, "Boss") -> 0 | J13: =maxifs(MistbornTier2!K:K, MistbornTier2!$B:$B, "Boss") -> 0 | K13: =maxifs(MistbornTier2!L:L, MistbornTier2!$B:$B, "Boss") -> 0 | L13: =maxifs(MistbornTier2!M:M, MistbornTier2!$B:$B, "Boss") -> 0 | M13: =maxifs(MistbornTier2!N:N, MistbornTier2!$B:$B, "Boss") -> 0 | N13: =maxifs(MistbornTier2!O:O, MistbornTier2!$B:$B, "Boss") -> 0
A15: Tier 3 Maximums
A17: Type | B17: Physical Defense | C17: Cognitive Defense | D17: Spiritual Defense | E17: Health | F17: Focus | G17: Investiture | H17: Physical Skills | I17: Cognitive Skills | J17: Spiritual Skills | K17: Invested Skills | L17: To Hit Bonus | M17: DPR (Fast) | N17: DPR (Slow)
A18: Rival | B18: =maxifs(MistbornTier3!C:C, MistbornTier3!$B:$B, "Rival") -> 17 | C18: =maxifs(MistbornTier3!D:D, MistbornTier3!$B:$B, "Rival") -> 16 | D18: =maxifs(MistbornTier3!E:E, MistbornTier3!$B:$B, "Rival") -> 20 | E18: =maxifs(MistbornTier3!F:F, MistbornTier3!$B:$B, "Rival") -> 58 | F18: =maxifs(MistbornTier3!G:G, MistbornTier3!$B:$B, "Rival") -> 5 | G18: =maxifs(MistbornTier3!H:H, MistbornTier3!$B:$B, "Rival") -> 0 | H18: =maxifs(MistbornTier3!I:I, MistbornTier3!$B:$B, "Rival") -> 23 | I18: =maxifs(MistbornTier3!J:J, MistbornTier3!$B:$B, "Rival") -> 17 | J18: =maxifs(MistbornTier3!K:K, MistbornTier3!$B:$B, "Rival") -> 32 | K18: =maxifs(MistbornTier3!L:L, MistbornTier3!$B:$B, "Rival") -> 0 | L18: =maxifs(MistbornTier3!M:M, MistbornTier3!$B:$B, "Rival") -> 8 | M18: =maxifs(MistbornTier3!N:N, MistbornTier3!$B:$B, "Rival") -> 26 | N18: =maxifs(MistbornTier3!O:O, MistbornTier3!$B:$B, "Rival") -> 26
A19: Boss | B19: =maxifs(MistbornTier3!C:C, MistbornTier3!$B:$B, "Boss") -> 0 | C19: =maxifs(MistbornTier3!D:D, MistbornTier3!$B:$B, "Boss") -> 0 | D19: =maxifs(MistbornTier3!E:E, MistbornTier3!$B:$B, "Boss") -> 0 | E19: =maxifs(MistbornTier3!F:F, MistbornTier3!$B:$B, "Boss") -> 0 | F19: =maxifs(MistbornTier3!G:G, MistbornTier3!$B:$B, "Boss") -> 0 | G19: =maxifs(MistbornTier3!H:H, MistbornTier3!$B:$B, "Boss") -> 0 | H19: =maxifs(MistbornTier3!I:I, MistbornTier3!$B:$B, "Boss") -> 0 | I19: =maxifs(MistbornTier3!J:J, MistbornTier3!$B:$B, "Boss") -> 0 | J19: =maxifs(MistbornTier3!K:K, MistbornTier3!$B:$B, "Boss") -> 0 | K19: =maxifs(MistbornTier3!L:L, MistbornTier3!$B:$B, "Boss") -> 0 | L19: =maxifs(MistbornTier3!M:M, MistbornTier3!$B:$B, "Boss") -> 0 | M19: =maxifs(MistbornTier3!N:N, MistbornTier3!$B:$B, "Boss") -> 0 | N19: =maxifs(MistbornTier3!O:O, MistbornTier3!$B:$B, "Boss") -> 0
A21: Tier 4 Maximums
A23: Type | B23: Physical Defense | C23: Cognitive Defense | D23: Spiritual Defense | E23: Health | F23: Focus | G23: Investiture | H23: Physical Skills | I23: Cognitive Skills | J23: Spiritual Skills | K23: Invested Skills | L23: To Hit Bonus | M23: DPR (Fast) | N23: DPR (Slow)
A24: Rival | B24: =maxifs('MistbornTier 4'!C:C, 'MistbornTier 4'!$B:$B, "Rival") -> 0 | C24: =maxifs('MistbornTier 4'!D:D, 'MistbornTier 4'!$B:$B, "Rival") -> 0 | D24: =maxifs('MistbornTier 4'!E:E, 'MistbornTier 4'!$B:$B, "Rival") -> 0 | E24: =maxifs('MistbornTier 4'!F:F, 'MistbornTier 4'!$B:$B, "Rival") -> 0 | F24: =maxifs('MistbornTier 4'!G:G, 'MistbornTier 4'!$B:$B, "Rival") -> 0 | G24: =maxifs('MistbornTier 4'!H:H, 'MistbornTier 4'!$B:$B, "Rival") -> 0 | H24: =maxifs('MistbornTier 4'!I:I, 'MistbornTier 4'!$B:$B, "Rival") -> 0 | I24: =maxifs('MistbornTier 4'!J:J, 'MistbornTier 4'!$B:$B, "Rival") -> 0 | J24: =maxifs('MistbornTier 4'!K:K, 'MistbornTier 4'!$B:$B, "Rival") -> 0 | K24: =maxifs('MistbornTier 4'!L:L, 'MistbornTier 4'!$B:$B, "Rival") -> 0 | L24: =maxifs('MistbornTier 4'!M:M, 'MistbornTier 4'!$B:$B, "Rival") -> 0 | M24: =maxifs('MistbornTier 4'!N:N, 'MistbornTier 4'!$B:$B, "Rival") -> 0 | N24: =maxifs('MistbornTier 4'!O:O, 'MistbornTier 4'!$B:$B, "Rival") -> 0
A25: Boss | B25: =maxifs('MistbornTier 4'!C:C, 'MistbornTier 4'!$B:$B, "Boss") -> 0 | C25: =maxifs('MistbornTier 4'!D:D, 'MistbornTier 4'!$B:$B, "Boss") -> 0 | D25: =maxifs('MistbornTier 4'!E:E, 'MistbornTier 4'!$B:$B, "Boss") -> 0 | E25: =maxifs('MistbornTier 4'!F:F, 'MistbornTier 4'!$B:$B, "Boss") -> 0 | F25: =maxifs('MistbornTier 4'!G:G, 'MistbornTier 4'!$B:$B, "Boss") -> 0 | G25: =maxifs('MistbornTier 4'!H:H, 'MistbornTier 4'!$B:$B, "Boss") -> 0 | H25: =maxifs('MistbornTier 4'!I:I, 'MistbornTier 4'!$B:$B, "Boss") -> 0 | I25: =maxifs('MistbornTier 4'!J:J, 'MistbornTier 4'!$B:$B, "Boss") -> 0 | J25: =maxifs('MistbornTier 4'!K:K, 'MistbornTier 4'!$B:$B, "Boss") -> 0 | K25: =maxifs('MistbornTier 4'!L:L, 'MistbornTier 4'!$B:$B, "Boss") -> 0 | L25: =maxifs('MistbornTier 4'!M:M, 'MistbornTier 4'!$B:$B, "Boss") -> 0 | M25: =maxifs('MistbornTier 4'!N:N, 'MistbornTier 4'!$B:$B, "Boss") -> 0 | N25: =maxifs('MistbornTier 4'!O:O, 'MistbornTier 4'!$B:$B, "Boss") -> 0

Sheet WarbreakerMaximums
A1: Tier 1 Maximums
A3: Type | B3: Physical Defense | C3: Cognitive Defense | D3: Spiritual Defense | E3: Health | F3: Focus | G3: Investiture | H3: Physical Skills | I3: Cognitive Skills | J3: Spiritual Skills | K3: Invested Skills | L3: To Hit Bonus | M3: DPR (Fast) | N3: DPR (Slow)
A4: Minion | B4: =maxifs('WarbreakerTier 1'!C:C, 'WarbreakerTier 1'!$B:$B, "Minion") -> 0 | C4: =maxifs('WarbreakerTier 1'!D:D, 'WarbreakerTier 1'!$B:$B, "Minion") -> 0 | D4: =maxifs('WarbreakerTier 1'!E:E, 'WarbreakerTier 1'!$B:$B, "Minion") -> 0 | E4: =maxifs('WarbreakerTier 1'!F:F, 'WarbreakerTier 1'!$B:$B, "Minion") -> 0 | F4: =maxifs('WarbreakerTier 1'!G:G, 'WarbreakerTier 1'!$B:$B, "Minion") -> 0 | G4: =maxifs('WarbreakerTier 1'!H:H, 'WarbreakerTier 1'!$B:$B, "Minion") -> 0 | H4: =maxifs('WarbreakerTier 1'!I:I, 'WarbreakerTier 1'!$B:$B, "Minion") -> 0 | I4: =maxifs('WarbreakerTier 1'!J:J, 'WarbreakerTier 1'!$B:$B, "Minion") -> 0 | J4: =maxifs('WarbreakerTier 1'!K:K, 'WarbreakerTier 1'!$B:$B, "Minion") -> 0 | K4: =maxifs('WarbreakerTier 1'!L:L, 'WarbreakerTier 1'!$B:$B, "Minion") -> 0 | L4: =maxifs('WarbreakerTier 1'!M:M, 'WarbreakerTier 1'!$B:$B, "Minion") -> 0 | M4: =maxifs('WarbreakerTier 1'!N:N, 'WarbreakerTier 1'!$B:$B, "Minion") -> 0 | N4: =maxifs('WarbreakerTier 1'!O:O, 'WarbreakerTier 1'!$B:$B, "Minion") -> 0
A5: Rival | B5: =maxifs('WarbreakerTier 1'!C:C, 'WarbreakerTier 1'!$B:$B, "Rival") -> 0 | C5: =maxifs('WarbreakerTier 1'!D:D, 'WarbreakerTier 1'!$B:$B, "Rival") -> 0 | D5: =maxifs('WarbreakerTier 1'!E:E, 'WarbreakerTier 1'!$B:$B, "Rival") -> 0 | E5: =maxifs('WarbreakerTier 1'!F:F, 'WarbreakerTier 1'!$B:$B, "Rival") -> 0 | F5: =maxifs('WarbreakerTier 1'!G:G, 'WarbreakerTier 1'!$B:$B, "Rival") -> 0 | G5: =maxifs('WarbreakerTier 1'!H:H, 'WarbreakerTier 1'!$B:$B, "Rival") -> 0 | H5: =maxifs('WarbreakerTier 1'!I:I, 'WarbreakerTier 1'!$B:$B, "Rival") -> 0 | I5: =maxifs('WarbreakerTier 1'!J:J, 'WarbreakerTier 1'!$B:$B, "Rival") -> 0 | J5: =maxifs('WarbreakerTier 1'!K:K, 'WarbreakerTier 1'!$B:$B, "Rival") -> 0 | K5: =maxifs('WarbreakerTier 1'!L:L, 'WarbreakerTier 1'!$B:$B, "Rival") -> 0 | L5: =maxifs('WarbreakerTier 1'!M:M, 'WarbreakerTier 1'!$B:$B, "Rival") -> 0 | M5: =maxifs('WarbreakerTier 1'!N:N, 'WarbreakerTier 1'!$B:$B, "Rival") -> 0 | N5: =maxifs('WarbreakerTier 1'!O:O, 'WarbreakerTier 1'!$B:$B, "Rival") -> 0
A6: Boss | B6: =maxifs('WarbreakerTier 1'!C:C, 'WarbreakerTier 1'!$B:$B, "Boss") -> 0 | C6: =maxifs('WarbreakerTier 1'!D:D, 'WarbreakerTier 1'!$B:$B, "Boss") -> 0 | D6: =maxifs('WarbreakerTier 1'!E:E, 'WarbreakerTier 1'!$B:$B, "Boss") -> 0 | E6: =maxifs('WarbreakerTier 1'!F:F, 'WarbreakerTier 1'!$B:$B, "Boss") -> 0 | F6: =maxifs('WarbreakerTier 1'!G:G, 'WarbreakerTier 1'!$B:$B, "Boss") -> 0 | G6: =maxifs('WarbreakerTier 1'!H:H, 'WarbreakerTier 1'!$B:$B, "Boss") -> 0 | H6: =maxifs('WarbreakerTier 1'!I:I, 'WarbreakerTier 1'!$B:$B, "Boss") -> 0 | I6: =maxifs('WarbreakerTier 1'!J:J, 'WarbreakerTier 1'!$B:$B, "Boss") -> 0 | J6: =maxifs('WarbreakerTier 1'!K:K, 'WarbreakerTier 1'!$B:$B, "Boss") -> 0 | K6: =maxifs('WarbreakerTier 1'!L:L, 'WarbreakerTier 1'!$B:$B, "Boss") -> 0 | L6: =maxifs('WarbreakerTier 1'!M:M, 'WarbreakerTier 1'!$B:$B, "Boss") -> 0 | M6: =maxifs('WarbreakerTier 1'!N:N, 'WarbreakerTier 1'!$B:$B, "Boss") -> 0 | N6: =maxifs('WarbreakerTier 1'!O:O, 'WarbreakerTier 1'!$B:$B, "Boss") -> 0
A8: Tier 2 Maximums
A10: Type | B10: Physical Defense | C10: Cognitive Defense | D10: Spiritual Defense | E10: Health | F10: Focus | G10: Investiture | H10: Physical Skills | I10: Cognitive Skills | J10: Spiritual Skills | K10: Invested Skills | L10: To Hit Bonus | M10: DPR (Fast) | N10: DPR (Slow)
A11: Minion | B11: =maxifs(WarbreakerTier2!C:C, WarbreakerTier2!$B:$B, "Minion") -> 0 | C11: =maxifs(WarbreakerTier2!D:D, WarbreakerTier2!$B:$B, "Minion") -> 0 | D11: =maxifs(WarbreakerTier2!E:E, WarbreakerTier2!$B:$B, "Minion") -> 0 | E11: =maxifs(WarbreakerTier2!F:F, WarbreakerTier2!$B:$B, "Minion") -> 0 | F11: =maxifs(WarbreakerTier2!G:G, WarbreakerTier2!$B:$B, "Minion") -> 0 | G11: =maxifs(WarbreakerTier2!H:H, WarbreakerTier2!$B:$B, "Minion") -> 0 | H11: =maxifs(WarbreakerTier2!I:I, WarbreakerTier2!$B:$B, "Minion") -> 0 | I11: =maxifs(WarbreakerTier2!J:J, WarbreakerTier2!$B:$B, "Minion") -> 0 | J11: =maxifs(WarbreakerTier2!K:K, WarbreakerTier2!$B:$B, "Minion") -> 0 | K11: =maxifs(WarbreakerTier2!L:L, WarbreakerTier2!$B:$B, "Minion") -> 0 | L11: =maxifs(WarbreakerTier2!M:M, WarbreakerTier2!$B:$B, "Minion") -> 0 | M11: =maxifs(WarbreakerTier2!N:N, WarbreakerTier2!$B:$B, "Minion") -> 0 | N11: =maxifs(WarbreakerTier2!O:O, WarbreakerTier2!$B:$B, "Minion") -> 0
A12: Rival | B12: =maxifs(WarbreakerTier2!C:C, WarbreakerTier2!$B:$B, "Rival") -> 0 | C12: =maxifs(WarbreakerTier2!D:D, WarbreakerTier2!$B:$B, "Rival") -> 0 | D12: =maxifs(WarbreakerTier2!E:E, WarbreakerTier2!$B:$B, "Rival") -> 0 | E12: =maxifs(WarbreakerTier2!F:F, WarbreakerTier2!$B:$B, "Rival") -> 0 | F12: =maxifs(WarbreakerTier2!G:G, WarbreakerTier2!$B:$B, "Rival") -> 0 | G12: =maxifs(WarbreakerTier2!H:H, WarbreakerTier2!$B:$B, "Rival") -> 0 | H12: =maxifs(WarbreakerTier2!I:I, WarbreakerTier2!$B:$B, "Rival") -> 0 | I12: =maxifs(WarbreakerTier2!J:J, WarbreakerTier2!$B:$B, "Rival") -> 0 | J12: =maxifs(WarbreakerTier2!K:K, WarbreakerTier2!$B:$B, "Rival") -> 0 | K12: =maxifs(WarbreakerTier2!L:L, WarbreakerTier2!$B:$B, "Rival") -> 0 | L12: =maxifs(WarbreakerTier2!M:M, WarbreakerTier2!$B:$B, "Rival") -> 0 | M12: =maxifs(WarbreakerTier2!N:N, WarbreakerTier2!$B:$B, "Rival") -> 0 | N12: =maxifs(WarbreakerTier2!O:O, WarbreakerTier2!$B:$B, "Rival") -> 0
A13: Boss | B13: =maxifs(WarbreakerTier2!C:C, WarbreakerTier2!$B:$B, "Boss") -> 0 | C13: =maxifs(WarbreakerTier2!D:D, WarbreakerTier2!$B:$B, "Boss") -> 0 | D13: =maxifs(WarbreakerTier2!E:E, WarbreakerTier2!$B:$B, "Boss") -> 0 | E13: =maxifs(WarbreakerTier2!F:F, WarbreakerTier2!$B:$B, "Boss") -> 0 | F13: =maxifs(WarbreakerTier2!G:G, WarbreakerTier2!$B:$B, "Boss") -> 0 | G13: =maxifs(WarbreakerTier2!H:H, WarbreakerTier2!$B:$B, "Boss") -> 0 | H13: =maxifs(WarbreakerTier2!I:I, WarbreakerTier2!$B:$B, "Boss") -> 0 | I13: =maxifs(WarbreakerTier2!J:J, WarbreakerTier2!$B:$B, "Boss") -> 0 | J13: =maxifs(WarbreakerTier2!K:K, WarbreakerTier2!$B:$B, "Boss") -> 0 | K13: =maxifs(WarbreakerTier2!L:L, WarbreakerTier2!$B:$B, "Boss") -> 0 | L13: =maxifs(WarbreakerTier2!M:M, WarbreakerTier2!$B:$B, "Boss") -> 0 | M13: =maxifs(WarbreakerTier2!N:N, WarbreakerTier2!$B:$B, "Boss") -> 0 | N13: =maxifs(WarbreakerTier2!O:O, WarbreakerTier2!$B:$B, "Boss") -> 0
A15: Tier 3 Maximums
A17: Type | B17: Physical Defense | C17: Cognitive Defense | D17: Spiritual Defense | E17: Health | F17: Focus | G17: Investiture | H17: Physical Skills | I17: Cognitive Skills | J17: Spiritual Skills | K17: Invested Skills | L17: To Hit Bonus | M17: DPR (Fast) | N17: DPR (Slow)
A18: Rival | B18: =maxifs(WarbreakerTier3!C:C, WarbreakerTier3!$B:$B, "Rival") -> 0 | C18: =maxifs(WarbreakerTier3!D:D, WarbreakerTier3!$B:$B, "Rival") -> 0 | D18: =maxifs(WarbreakerTier3!E:E, WarbreakerTier3!$B:$B, "Rival") -> 0 | E18: =maxifs(WarbreakerTier3!F:F, WarbreakerTier3!$B:$B, "Rival") -> 0 | F18: =maxifs(WarbreakerTier3!G:G, WarbreakerTier3!$B:$B, "Rival") -> 0 | G18: =maxifs(WarbreakerTier3!H:H, WarbreakerTier3!$B:$B, "Rival") -> 0 | H18: =maxifs(WarbreakerTier3!I:I, WarbreakerTier3!$B:$B, "Rival") -> 0 | I18: =maxifs(WarbreakerTier3!J:J, WarbreakerTier3!$B:$B, "Rival") -> 0 | J18: =maxifs(WarbreakerTier3!K:K, WarbreakerTier3!$B:$B, "Rival") -> 0 | K18: =maxifs(WarbreakerTier3!L:L, WarbreakerTier3!$B:$B, "Rival") -> 0 | L18: =maxifs(WarbreakerTier3!M:M, WarbreakerTier3!$B:$B, "Rival") -> 0 | M18: =maxifs(WarbreakerTier3!N:N, WarbreakerTier3!$B:$B, "Rival") -> 0 | N18: =maxifs(WarbreakerTier3!O:O, WarbreakerTier3!$B:$B, "Rival") -> 0
A19: Boss | B19: =maxifs(WarbreakerTier3!C:C, WarbreakerTier3!$B:$B, "Boss") -> 0 | C19: =maxifs(WarbreakerTier3!D:D, WarbreakerTier3!$B:$B, "Boss") -> 0 | D19: =maxifs(WarbreakerTier3!E:E, WarbreakerTier3!$B:$B, "Boss") -> 0 | E19: =maxifs(WarbreakerTier3!F:F, WarbreakerTier3!$B:$B, "Boss") -> 0 | F19: =maxifs(WarbreakerTier3!G:G, WarbreakerTier3!$B:$B, "Boss") -> 0 | G19: =maxifs(WarbreakerTier3!H:H, WarbreakerTier3!$B:$B, "Boss") -> 0 | H19: =maxifs(WarbreakerTier3!I:I, WarbreakerTier3!$B:$B, "Boss") -> 0 | I19: =maxifs(WarbreakerTier3!J:J, WarbreakerTier3!$B:$B, "Boss") -> 0 | J19: =maxifs(WarbreakerTier3!K:K, WarbreakerTier3!$B:$B, "Boss") -> 0 | K19: =maxifs(WarbreakerTier3!L:L, WarbreakerTier3!$B:$B, "Boss") -> 0 | L19: =maxifs(WarbreakerTier3!M:M, WarbreakerTier3!$B:$B, "Boss") -> 0 | M19: =maxifs(WarbreakerTier3!N:N, WarbreakerTier3!$B:$B, "Boss") -> 0 | N19: =maxifs(WarbreakerTier3!O:O, WarbreakerTier3!$B:$B, "Boss") -> 0
A21: Tier 4 Maximums
A23: Type | B23: Physical Defense | C23: Cognitive Defense | D23: Spiritual Defense | E23: Health | F23: Focus | G23: Investiture | H23: Physical Skills | I23: Cognitive Skills | J23: Spiritual Skills | K23: Invested Skills | L23: To Hit Bonus | M23: DPR (Fast) | N23: DPR (Slow)
A24: Rival | B24: =maxifs('WarbreakerTier 4'!C:C, 'WarbreakerTier 4'!$B:$B, "Rival") -> 0 | C24: =maxifs('WarbreakerTier 4'!D:D, 'WarbreakerTier 4'!$B:$B, "Rival") -> 0 | D24: =maxifs('WarbreakerTier 4'!E:E, 'WarbreakerTier 4'!$B:$B, "Rival") -> 0 | E24: =maxifs('WarbreakerTier 4'!F:F, 'WarbreakerTier 4'!$B:$B, "Rival") -> 0 | F24: =maxifs('WarbreakerTier 4'!G:G, 'WarbreakerTier 4'!$B:$B, "Rival") -> 0 | G24: =maxifs('WarbreakerTier 4'!H:H, 'WarbreakerTier 4'!$B:$B, "Rival") -> 0 | H24: =maxifs('WarbreakerTier 4'!I:I, 'WarbreakerTier 4'!$B:$B, "Rival") -> 0 | I24: =maxifs('WarbreakerTier 4'!J:J, 'WarbreakerTier 4'!$B:$B, "Rival") -> 0 | J24: =maxifs('WarbreakerTier 4'!K:K, 'WarbreakerTier 4'!$B:$B, "Rival") -> 0 | K24: =maxifs('WarbreakerTier 4'!L:L, 'WarbreakerTier 4'!$B:$B, "Rival") -> 0 | L24: =maxifs('WarbreakerTier 4'!M:M, 'WarbreakerTier 4'!$B:$B, "Rival") -> 0 | M24: =maxifs('WarbreakerTier 4'!N:N, 'WarbreakerTier 4'!$B:$B, "Rival") -> 0 | N24: =maxifs('WarbreakerTier 4'!O:O, 'WarbreakerTier 4'!$B:$B, "Rival") -> 0
A25: Boss | B25: =maxifs('WarbreakerTier 4'!C:C, 'WarbreakerTier 4'!$B:$B, "Boss") -> 0 | C25: =maxifs('WarbreakerTier 4'!D:D, 'WarbreakerTier 4'!$B:$B, "Boss") -> 0 | D25: =maxifs('WarbreakerTier 4'!E:E, 'WarbreakerTier 4'!$B:$B, "Boss") -> 0 | E25: =maxifs('WarbreakerTier 4'!F:F, 'WarbreakerTier 4'!$B:$B, "Boss") -> 0 | F25: =maxifs('WarbreakerTier 4'!G:G, 'WarbreakerTier 4'!$B:$B, "Boss") -> 0 | G25: =maxifs('WarbreakerTier 4'!H:H, 'WarbreakerTier 4'!$B:$B, "Boss") -> 0 | H25: =maxifs('WarbreakerTier 4'!I:I, 'WarbreakerTier 4'!$B:$B, "Boss") -> 0 | I25: =maxifs('WarbreakerTier 4'!J:J, 'WarbreakerTier 4'!$B:$B, "Boss") -> 0 | J25: =maxifs('WarbreakerTier 4'!K:K, 'WarbreakerTier 4'!$B:$B, "Boss") -> 0 | K25: =maxifs('WarbreakerTier 4'!L:L, 'WarbreakerTier 4'!$B:$B, "Boss") -> 0 | L25: =maxifs('WarbreakerTier 4'!M:M, 'WarbreakerTier 4'!$B:$B, "Boss") -> 0 | M25: =maxifs('WarbreakerTier 4'!N:N, 'WarbreakerTier 4'!$B:$B, "Boss") -> 0 | N25: =maxifs('WarbreakerTier 4'!O:O, 'WarbreakerTier 4'!$B:$B, "Boss") -> 0

Sheet ElantrisMaximums
A1: Tier 1 Maximums
A3: Type | B3: Physical Defense | C3: Cognitive Defense | D3: Spiritual Defense | E3: Health | F3: Focus | G3: Investiture | H3: Physical Skills | I3: Cognitive Skills | J3: Spiritual Skills | K3: Invested Skills | L3: To Hit Bonus | M3: DPR (Fast) | N3: DPR (Slow)
A4: Minion | B4: =maxifs('ElantrisTier 1'!C:C, 'ElantrisTier 1'!$B:$B, "Minion") -> 0 | C4: =maxifs('ElantrisTier 1'!D:D, 'ElantrisTier 1'!$B:$B, "Minion") -> 0 | D4: =maxifs('ElantrisTier 1'!E:E, 'ElantrisTier 1'!$B:$B, "Minion") -> 0 | E4: =maxifs('ElantrisTier 1'!F:F, 'ElantrisTier 1'!$B:$B, "Minion") -> 0 | F4: =maxifs('ElantrisTier 1'!G:G, 'ElantrisTier 1'!$B:$B, "Minion") -> 0 | G4: =maxifs('ElantrisTier 1'!H:H, 'ElantrisTier 1'!$B:$B, "Minion") -> 0 | H4: =maxifs('ElantrisTier 1'!I:I, 'ElantrisTier 1'!$B:$B, "Minion") -> 0 | I4: =maxifs('ElantrisTier 1'!J:J, 'ElantrisTier 1'!$B:$B, "Minion") -> 0 | J4: =maxifs('ElantrisTier 1'!K:K, 'ElantrisTier 1'!$B:$B, "Minion") -> 0 | K4: =maxifs('ElantrisTier 1'!L:L, 'ElantrisTier 1'!$B:$B, "Minion") -> 0 | L4: =maxifs('ElantrisTier 1'!M:M, 'ElantrisTier 1'!$B:$B, "Minion") -> 0 | M4: =maxifs('ElantrisTier 1'!N:N, 'ElantrisTier 1'!$B:$B, "Minion") -> 0 | N4: =maxifs('ElantrisTier 1'!O:O, 'ElantrisTier 1'!$B:$B, "Minion") -> 0
A5: Rival | B5: =maxifs('ElantrisTier 1'!C:C, 'ElantrisTier 1'!$B:$B, "Rival") -> 0 | C5: =maxifs('ElantrisTier 1'!D:D, 'ElantrisTier 1'!$B:$B, "Rival") -> 0 | D5: =maxifs('ElantrisTier 1'!E:E, 'ElantrisTier 1'!$B:$B, "Rival") -> 0 | E5: =maxifs('ElantrisTier 1'!F:F, 'ElantrisTier 1'!$B:$B, "Rival") -> 0 | F5: =maxifs('ElantrisTier 1'!G:G, 'ElantrisTier 1'!$B:$B, "Rival") -> 0 | G5: =maxifs('ElantrisTier 1'!H:H, 'ElantrisTier 1'!$B:$B, "Rival") -> 0 | H5: =maxifs('ElantrisTier 1'!I:I, 'ElantrisTier 1'!$B:$B, "Rival") -> 0 | I5: =maxifs('ElantrisTier 1'!J:J, 'ElantrisTier 1'!$B:$B, "Rival") -> 0 | J5: =maxifs('ElantrisTier 1'!K:K, 'ElantrisTier 1'!$B:$B, "Rival") -> 0 | K5: =maxifs('ElantrisTier 1'!L:L, 'ElantrisTier 1'!$B:$B, "Rival") -> 0 | L5: =maxifs('ElantrisTier 1'!M:M, 'ElantrisTier 1'!$B:$B, "Rival") -> 0 | M5: =maxifs('ElantrisTier 1'!N:N, 'ElantrisTier 1'!$B:$B, "Rival") -> 0 | N5: =maxifs('ElantrisTier 1'!O:O, 'ElantrisTier 1'!$B:$B, "Rival") -> 0
A6: Boss | B6: =maxifs('ElantrisTier 1'!C:C, 'ElantrisTier 1'!$B:$B, "Boss") -> 0 | C6: =maxifs('ElantrisTier 1'!D:D, 'ElantrisTier 1'!$B:$B, "Boss") -> 0 | D6: =maxifs('ElantrisTier 1'!E:E, 'ElantrisTier 1'!$B:$B, "Boss") -> 0 | E6: =maxifs('ElantrisTier 1'!F:F, 'ElantrisTier 1'!$B:$B, "Boss") -> 0 | F6: =maxifs('ElantrisTier 1'!G:G, 'ElantrisTier 1'!$B:$B, "Boss") -> 0 | G6: =maxifs('ElantrisTier 1'!H:H, 'ElantrisTier 1'!$B:$B, "Boss") -> 0 | H6: =maxifs('ElantrisTier 1'!I:I, 'ElantrisTier 1'!$B:$B, "Boss") -> 0 | I6: =maxifs('ElantrisTier 1'!J:J, 'ElantrisTier 1'!$B:$B, "Boss") -> 0 | J6: =maxifs('ElantrisTier 1'!K:K, 'ElantrisTier 1'!$B:$B, "Boss") -> 0 | K6: =maxifs('ElantrisTier 1'!L:L, 'ElantrisTier 1'!$B:$B, "Boss") -> 0 | L6: =maxifs('ElantrisTier 1'!M:M, 'ElantrisTier 1'!$B:$B, "Boss") -> 0 | M6: =maxifs('ElantrisTier 1'!N:N, 'ElantrisTier 1'!$B:$B, "Boss") -> 0 | N6: =maxifs('ElantrisTier 1'!O:O, 'ElantrisTier 1'!$B:$B, "Boss") -> 0
A8: Tier 2 Maximums
